state,year,month,temp,rainfall
Alabama,2015,1,43.6,4.34
Alabama,2015,2,41.3,4.05
Alabama,2015,3,57.8,4.28
Alabama,2015,4,66,7.14
Alabama,2015,5,71.8,4.32
Alabama,2015,6,78.8,3.27
Alabama,2015,7,81.6,4.71
Alabama,2015,8,79,4.94
Alabama,2015,9,74.4,2.71
Alabama,2015,10,65,2.93
Alabama,2015,11,59.2,6.8
Alabama,2015,12,56.9,11.87
Alabama,2016,1,43,4.06
Alabama,2016,2,49.8,5.85
Alabama,2016,3,59.7,5.42
Alabama,2016,4,63.6,5.68
Alabama,2016,5,70.2,2.14
Alabama,2016,6,79.2,3.81
Alabama,2016,7,82,4.27
Alabama,2016,8,81.6,4.58
Alabama,2016,9,78.6,1.72
Alabama,2016,10,68.5,0.13
Alabama,2016,11,57.8,2.3
Alabama,2016,12,50.1,5.05
Alabama,2017,1,52.4,9.17
Alabama,2017,2,55.6,3.7
Alabama,2017,3,58.4,4.17
Alabama,2017,4,67.2,4.09
Alabama,2017,5,69.9,7.01
Alabama,2017,6,75.8,10.7
Alabama,2017,7,80.6,5.06
Alabama,2017,8,78.8,6.07
Alabama,2017,9,73.4,3.25
Alabama,2017,10,65.8,6.03
Alabama,2017,11,55.6,1.05
Alabama,2017,12,46.9,3.89
Alabama,2018,1,40.4,2.32
Alabama,2018,2,58,7.27
Alabama,2018,3,55.4,4.14
Alabama,2018,4,59.5,5.94
Alabama,2018,5,74.4,5.52
Alabama,2018,6,79.3,4.58
Alabama,2018,7,80.7,4.46
Alabama,2018,8,79.5,5.03
Alabama,2018,9,79.4,6.21
Alabama,2018,10,67.4,2.69
Alabama,2018,11,50.4,6.29
Alabama,2018,12,49,9.95
Alabama,2019,1,46.5,6.01
Alabama,2019,2,56,6.21
Alabama,2019,3,55,3.4
Alabama,2019,4,63.4,6.24
Alabama,2019,5,74.2,3.59
Alabama,2019,6,78.1,4.47
Alabama,2019,7,80.6,4.02
Alabama,2019,8,80.6,4.99
Alabama,2019,9,80.2,0.41
Alabama,2019,10,67.9,7.12
Alabama,2019,11,50.7,3.24
Alabama,2019,12,51.3,6.6
Arizona,2015,1,45.1,1.79
Arizona,2015,2,52,0.64
Arizona,2015,3,56.3,1.12
Arizona,2015,4,58.4,0.42
Arizona,2015,5,62.9,1
Arizona,2015,6,78.4,0.8
Arizona,2015,7,78.6,1.91
Arizona,2015,8,80.6,2.1
Arizona,2015,9,75,1.37
Arizona,2015,10,64.5,1.88
Arizona,2015,11,48.3,0.76
Arizona,2015,12,40.9,0.6
Arizona,2016,1,41.8,1.4
Arizona,2016,2,50.6,0.29
Arizona,2016,3,54.9,0.11
Arizona,2016,4,58.5,0.8
Arizona,2016,5,64.6,0.52
Arizona,2016,6,80.3,0.43
Arizona,2016,7,82.4,1.39
Arizona,2016,8,77.5,2.57
Arizona,2016,9,71.6,1.35
Arizona,2016,10,66.1,0.35
Arizona,2016,11,53.1,0.94
Arizona,2016,12,44.7,2.13
Arizona,2017,1,42.3,2.07
Arizona,2017,2,49.4,1.26
Arizona,2017,3,56.6,0.41
Arizona,2017,4,59.9,0.19
Arizona,2017,5,66.1,0.41
Arizona,2017,6,79.8,0.06
Arizona,2017,7,81.5,2.89
Arizona,2017,8,79.1,1.39
Arizona,2017,9,72.4,0.61
Arizona,2017,10,65.1,0.03
Arizona,2017,11,57.6,0.02
Arizona,2017,12,46.6,0.13
Arizona,2018,1,47.6,0.56
Arizona,2018,2,46.7,1.07
Arizona,2018,3,52.3,0.44
Arizona,2018,4,62.9,0.04
Arizona,2018,5,68.5,0.15
Arizona,2018,6,78.6,0.33
Arizona,2018,7,82.3,2.59
Arizona,2018,8,80.2,2
Arizona,2018,9,76,0.81
Arizona,2018,10,59.9,2.7
Arizona,2018,11,49.4,0.27
Arizona,2018,12,42.8,0.71
Arizona,2019,1,42.3,1.5
Arizona,2019,2,41,2.74
Arizona,2019,3,51.8,1.22
Arizona,2019,4,60.3,0.3
Arizona,2019,5,60.8,0.91
Arizona,2019,6,75.2,0.06
Arizona,2019,7,81.9,0.79
Arizona,2019,8,81.9,0.88
Arizona,2019,9,73.8,1.68
Arizona,2019,10,60.1,0.02
Arizona,2019,11,52.1,2.96
Arizona,2019,12,42.3,1.63
Arkansas,2015,1,38.6,3.49
Arkansas,2015,2,36.1,3.18
Arkansas,2015,3,49.7,8.02
Arkansas,2015,4,62.5,5.75
Arkansas,2015,5,69.3,10.56
Arkansas,2015,6,78.1,3.99
Arkansas,2015,7,81.9,4.92
Arkansas,2015,8,78.1,3.02
Arkansas,2015,9,74.8,1.47
Arkansas,2015,10,63.5,3.75
Arkansas,2015,11,54.2,10.72
Arkansas,2015,12,50,8.44
Arkansas,2016,1,39.5,2.02
Arkansas,2016,2,46.9,2.43
Arkansas,2016,3,55.5,9.89
Arkansas,2016,4,62.5,5.8
Arkansas,2016,5,67.2,4.54
Arkansas,2016,6,78.9,3.1
Arkansas,2016,7,82,4.82
Arkansas,2016,8,80,7.42
Arkansas,2016,9,75.8,1.8
Arkansas,2016,10,67,1.58
Arkansas,2016,11,55.7,3.28
Arkansas,2016,12,42.5,3.76
Arkansas,2017,1,45.2,3.02
Arkansas,2017,2,52.5,2.76
Arkansas,2017,3,55.7,4.56
Arkansas,2017,4,64.2,8.74
Arkansas,2017,5,67.7,6.59
Arkansas,2017,6,75.5,4.24
Arkansas,2017,7,80.6,4.72
Arkansas,2017,8,76.9,6.3
Arkansas,2017,9,73.2,1.21
Arkansas,2017,10,62.9,1.82
Arkansas,2017,11,53.7,1.11
Arkansas,2017,12,42.4,5.19
Arkansas,2018,1,35.7,2.7
Arkansas,2018,2,45.9,11.81
Arkansas,2018,3,53.9,5.45
Arkansas,2018,4,55.2,5.06
Arkansas,2018,5,75,3.28
Arkansas,2018,6,80.1,2.94
Arkansas,2018,7,81.8,3.24
Arkansas,2018,8,78.8,6.43
Arkansas,2018,9,75,5.32
Arkansas,2018,10,62.6,5.22
Arkansas,2018,11,45.8,5.11
Arkansas,2018,12,44.2,7.76
Arkansas,2019,1,40.8,4.51
Arkansas,2019,2,46,7.76
Arkansas,2019,3,48.9,3.98
Arkansas,2019,4,60.8,8.25
Arkansas,2019,5,70.6,9.18
Arkansas,2019,6,75.6,6.12
Arkansas,2019,7,79,4.83
Arkansas,2019,8,80.4,4.51
Arkansas,2019,9,79.8,1.98
Arkansas,2019,10,60.9,7.56
Arkansas,2019,11,46.3,4.66
Arkansas,2019,12,45.7,2.31
California,2015,1,48.6,0.65
California,2015,2,53.2,2.86
California,2015,3,56.9,0.78
California,2015,4,56.7,1.06
California,2015,5,60.8,0.93
California,2015,6,74.4,0.23
California,2015,7,75,0.66
California,2015,8,76.5,0.08
California,2015,9,72.1,0.33
California,2015,10,65,0.9
California,2015,11,47.6,1.87
California,2015,12,42.3,4.69
California,2016,1,44.5,6.39
California,2016,2,51.8,1.21
California,2016,3,52.5,4.88
California,2016,4,57.9,1.52
California,2016,5,62.2,0.77
California,2016,6,73.5,0.27
California,2016,7,76.8,0.06
California,2016,8,76.2,0.06
California,2016,9,69.5,0.1
California,2016,10,60.5,3.82
California,2016,11,52.8,2.16
California,2016,12,43.4,4.49
California,2017,1,42.2,9.92
California,2017,2,47.3,7.94
California,2017,3,53.4,2.45
California,2017,4,55.6,2.76
California,2017,5,63.4,0.43
California,2017,6,72.8,0.26
California,2017,7,78.8,0.09
California,2017,8,77.9,0.27
California,2017,9,69.8,0.43
California,2017,10,62,0.34
California,2017,11,53.4,2.98
California,2017,12,47.5,0.3
California,2018,1,48.9,3.33
California,2018,2,46.6,0.57
California,2018,3,49,5.12
California,2018,4,57.2,2.13
California,2018,5,63,0.66
California,2018,6,71.4,0.07
California,2018,7,79.6,0.22
California,2018,8,76.4,0.04
California,2018,9,71.1,0.06
California,2018,10,60.9,0.7
California,2018,11,52.6,2.81
California,2018,12,44.8,2.38
California,2019,1,46.1,5.23
California,2019,2,40.7,8.57
California,2019,3,48.9,4.05
California,2019,4,58.2,1.22
California,2019,5,58.6,2.5
California,2019,6,71.1,0.09
California,2019,7,75.5,0.08
California,2019,8,76.8,0.13
California,2019,9,68.9,0.61
California,2019,10,58.8,0.16
California,2019,11,53,1.61
California,2019,12,44.5,4.87
Colorado,2015,1,29.2,0.65
Colorado,2015,2,32.1,1.35
Colorado,2015,3,40.6,0.86
Colorado,2015,4,44.8,1.88
Colorado,2015,5,49.8,5.3
Colorado,2015,6,64.9,1.91
Colorado,2015,7,66.6,2.37
Colorado,2015,8,66.9,1.67
Colorado,2015,9,62.6,0.76
Colorado,2015,10,51.4,1.82
Colorado,2015,11,34.6,1.69
Colorado,2015,12,25.8,1.47
Colorado,2016,1,25.6,1.02
Colorado,2016,2,32.4,0.85
Colorado,2016,3,37.9,1.28
Colorado,2016,4,43.7,2.74
Colorado,2016,5,50.8,2.07
Colorado,2016,6,66.4,1.35
Colorado,2016,7,69.2,1.64
Colorado,2016,8,64.5,2.07
Colorado,2016,9,59.7,1
Colorado,2016,10,51.8,0.49
Colorado,2016,11,40.2,0.92
Colorado,2016,12,25.2,1.65
Colorado,2017,1,25.3,2.29
Colorado,2017,2,35.4,1
Colorado,2017,3,42.5,1.19
Colorado,2017,4,44.3,2.17
Colorado,2017,5,51.5,2.82
Colorado,2017,6,64.8,0.69
Colorado,2017,7,69.4,3.05
Colorado,2017,8,64.7,1.87
Colorado,2017,9,59.1,1.98
Colorado,2017,10,46.7,0.93
Colorado,2017,11,41.3,0.52
Colorado,2017,12,30.1,0.4
Colorado,2018,1,29.7,0.81
Colorado,2018,2,28.6,1.13
Colorado,2018,3,37.8,0.9
Colorado,2018,4,44,1.37
Colorado,2018,5,57.2,1.54
Colorado,2018,6,66.5,0.98
Colorado,2018,7,70,2.11
Colorado,2018,8,66.2,1.45
Colorado,2018,9,61.9,0.66
Colorado,2018,10,45,2.39
Colorado,2018,11,32.5,0.87
Colorado,2018,12,26.6,0.75
Colorado,2019,1,26,1.38
Colorado,2019,2,24.9,1.57
Colorado,2019,3,33.7,2.78
Colorado,2019,4,45.5,1.44
Colorado,2019,5,47.9,2.84
Colorado,2019,6,60.6,1.78
Colorado,2019,7,69.1,1.59
Colorado,2019,8,68.3,1.47
Colorado,2019,9,62.9,0.71
Colorado,2019,10,41,0.96
Colorado,2019,11,35.2,1.1
Colorado,2019,12,28,1.26
Connecticut,2015,1,23.3,3.47
Connecticut,2015,2,15.8,2.01
Connecticut,2015,3,31,3.05
Connecticut,2015,4,47,2.74
Connecticut,2015,5,62.7,1.21
Connecticut,2015,6,65.3,6.35
Connecticut,2015,7,72.2,2.81
Connecticut,2015,8,72,2.14
Connecticut,2015,9,67.8,3.62
Connecticut,2015,10,51.4,3.31
Connecticut,2015,11,46.1,2.23
Connecticut,2015,12,43.5,4.14
Connecticut,2016,1,29.7,2.14
Connecticut,2016,2,32,4.94
Connecticut,2016,3,43.2,2.16
Connecticut,2016,4,46.8,2.86
Connecticut,2016,5,58.4,3.33
Connecticut,2016,6,67.4,1.78
Connecticut,2016,7,74.1,3.32
Connecticut,2016,8,73.9,3.7
Connecticut,2016,9,66.2,1.92
Connecticut,2016,10,53.5,3.88
Connecticut,2016,11,43.5,3.24
Connecticut,2016,12,32.6,3.46
Connecticut,2017,1,32.7,3.56
Connecticut,2017,2,34.6,2.14
Connecticut,2017,3,33.4,3.33
Connecticut,2017,4,51.8,4.71
Connecticut,2017,5,56.7,5.35
Connecticut,2017,6,67,3.54
Connecticut,2017,7,71.5,4.38
Connecticut,2017,8,69.1,2.62
Connecticut,2017,9,66,2.3
Connecticut,2017,10,58.6,8.26
Connecticut,2017,11,41,1.62
Connecticut,2017,12,28.7,2.29
Connecticut,2018,1,25.4,3.86
Connecticut,2018,2,35.7,5.28
Connecticut,2018,3,36.4,3.47
Connecticut,2018,4,43.4,5.39
Connecticut,2018,5,62.2,2.67
Connecticut,2018,6,66.4,3.79
Connecticut,2018,7,74,5.32
Connecticut,2018,8,74.3,5.68
Connecticut,2018,9,66.1,8.56
Connecticut,2018,10,52.3,4.99
Connecticut,2018,11,39.1,8.09
Connecticut,2018,12,33.8,5.06
Connecticut,2019,1,27,5.9
Connecticut,2019,2,30.2,3.01
Connecticut,2019,3,35.1,2.76
Connecticut,2019,4,49.1,7.32
Connecticut,2019,5,57.1,4.82
Connecticut,2019,6,66.6,3.42
Connecticut,2019,7,74.9,4.2
Connecticut,2019,8,70.7,3.96
Connecticut,2019,9,63.2,1.86
Connecticut,2019,10,53.6,7.19
Connecticut,2019,11,38.2,2.87
Connecticut,2019,12,31.7,6.6
Delaware,2015,1,32.1,4.96
Delaware,2015,2,26.3,2.32
Delaware,2015,3,40,4.53
Delaware,2015,4,54.2,3.13
Delaware,2015,5,67.9,1.5
Delaware,2015,6,73.6,9.01
Delaware,2015,7,76.9,3.33
Delaware,2015,8,75.1,2.81
Delaware,2015,9,72,3.2
Delaware,2015,10,56.5,3.84
Delaware,2015,11,51.6,3.02
Delaware,2015,12,50.8,4.62
Delaware,2016,1,34.3,2.67
Delaware,2016,2,38.5,3.79
Delaware,2016,3,49.7,1.73
Delaware,2016,4,53.1,2.73
Delaware,2016,5,61.7,5.88
Delaware,2016,6,72.4,3.72
Delaware,2016,7,79.6,5.53
Delaware,2016,8,78.6,3.03
Delaware,2016,9,72,9.98
Delaware,2016,10,60.3,2.87
Delaware,2016,11,49,0.79
Delaware,2016,12,39.2,2.95
Delaware,2017,1,39.1,3
Delaware,2017,2,44.4,1.24
Delaware,2017,3,43.8,4.46
Delaware,2017,4,59.6,2.63
Delaware,2017,5,62.8,5.68
Delaware,2017,6,73.6,2.32
Delaware,2017,7,78.4,8.04
Delaware,2017,8,74,7.91
Delaware,2017,9,69.8,2.57
Delaware,2017,10,62.4,3.59
Delaware,2017,11,47.5,2.04
Delaware,2017,12,36.1,1.05
Delaware,2018,1,32.8,2.98
Delaware,2018,2,43.2,4.97
Delaware,2018,3,40.5,4.09
Delaware,2018,4,51.6,3.4
Delaware,2018,5,68.3,6.99
Delaware,2018,6,72.6,3.97
Delaware,2018,7,77.2,5.77
Delaware,2018,8,78.6,4.53
Delaware,2018,9,73.6,6.61
Delaware,2018,10,60.2,5.04
Delaware,2018,11,45.7,6.85
Delaware,2018,12,41.4,4.82
Delaware,2019,1,35.3,3.45
Delaware,2019,2,38.7,3.45
Delaware,2019,3,43.3,3.63
Delaware,2019,4,58.7,3.58
Delaware,2019,5,67,4.5
Delaware,2019,6,73.9,5.18
Delaware,2019,7,79.8,3.47
Delaware,2019,8,76.5,3.2
Delaware,2019,9,71.8,1.33
Delaware,2019,10,61.6,4.18
Delaware,2019,11,43.7,1.37
Delaware,2019,12,39.9,4.12
Florida,2015,1,58.6,2.84
Florida,2015,2,56.5,3.23
Florida,2015,3,69.5,2
Florida,2015,4,75.1,4.28
Florida,2015,5,77.5,2.39
Florida,2015,6,81.7,6.05
Florida,2015,7,82.8,7.83
Florida,2015,8,82.4,8.44
Florida,2015,9,80,6.67
Florida,2015,10,74.4,1.84
Florida,2015,11,72.2,3.8
Florida,2015,12,69.6,3.49
Florida,2016,1,56.9,6.05
Florida,2016,2,59.4,3.25
Florida,2016,3,68.8,3.43
Florida,2016,4,71.2,2.93
Florida,2016,5,76.2,4.62
Florida,2016,6,81.9,7.11
Florida,2016,7,84,4.87
Florida,2016,8,83,8.12
Florida,2016,9,81.1,7.43
Florida,2016,10,74.6,2.67
Florida,2016,11,66.6,0.21
Florida,2016,12,65.9,2.72
Florida,2017,1,62.8,3.71
Florida,2017,2,65.5,1.88
Florida,2017,3,66.2,1.24
Florida,2017,4,72.3,2.23
Florida,2017,5,77.1,3.84
Florida,2017,6,80.2,12.26
Florida,2017,7,82.8,7.57
Florida,2017,8,82.8,8.52
Florida,2017,9,80.4,8.87
Florida,2017,10,74.9,5.19
Florida,2017,11,67.4,1.64
Florida,2017,12,61.7,1.68
Florida,2018,1,55,2.96
Florida,2018,2,69.2,2.4
Florida,2018,3,63,2.15
Florida,2018,4,70.2,3.74
Florida,2018,5,76.4,9.31
Florida,2018,6,81.5,6.59
Florida,2018,7,82.4,8.4
Florida,2018,8,82.2,7.61
Florida,2018,9,82.4,4.91
Florida,2018,10,76.5,2.12
Florida,2018,11,66.7,3.15
Florida,2018,12,61.8,7.18
Florida,2019,1,58.4,3.98
Florida,2019,2,67.4,1.98
Florida,2019,3,65.7,1.94
Florida,2019,4,71.2,3.12
Florida,2019,5,78.8,3.41
Florida,2019,6,82.3,7.99
Florida,2019,7,82.7,7.53
Florida,2019,8,82.8,8.79
Florida,2019,9,81.9,1.73
Florida,2019,10,77.8,5.16
Florida,2019,11,65,1.83
Florida,2019,12,63.7,4.64
Georgia,2015,1,44.9,3.64
Georgia,2015,2,43.2,4.49
Georgia,2015,3,58.8,2.81
Georgia,2015,4,66.8,6.2
Georgia,2015,5,72.4,2.17
Georgia,2015,6,79.3,4.25
Georgia,2015,7,81.5,4.65
Georgia,2015,8,79.5,5.78
Georgia,2015,9,73.8,3.75
Georgia,2015,10,64.8,3.23
Georgia,2015,11,59.8,6.28
Georgia,2015,12,58.9,8.49
Georgia,2016,1,44.4,3.78
Georgia,2016,2,50,4.87
Georgia,2016,3,60.9,3.03
Georgia,2016,4,63.9,4.16
Georgia,2016,5,70.8,2.78
Georgia,2016,6,79.7,4.02
Georgia,2016,7,82.8,2.75
Georgia,2016,8,81.6,4
Georgia,2016,9,77.5,3.49
Georgia,2016,10,67.8,1.39
Georgia,2016,11,58,0.95
Georgia,2016,12,52.1,5.68
Georgia,2017,1,53.2,7.72
Georgia,2017,2,56.5,2.09
Georgia,2017,3,58,2.11
Georgia,2017,4,67.5,3.74
Georgia,2017,5,71.4,5.6
Georgia,2017,6,76.6,6.36
Georgia,2017,7,80.6,4.86
Georgia,2017,8,79.4,4.58
Georgia,2017,9,74,5.01
Georgia,2017,10,67,3.54
Georgia,2017,11,56.4,1
Georgia,2017,12,49.3,3.19
Georgia,2018,1,42.5,2.82
Georgia,2018,2,59.2,4.29
Georgia,2018,3,54.5,3.55
Georgia,2018,4,60.6,4.16
Georgia,2018,5,73.7,6.67
Georgia,2018,6,79.3,5.06
Georgia,2018,7,80.2,6.26
Georgia,2018,8,79.4,5.54
Georgia,2018,9,79.8,2.75
Georgia,2018,10,68.4,3.83
Georgia,2018,11,53.2,6.24
Georgia,2018,12,50.2,9.63
Georgia,2019,1,48.1,4.94
Georgia,2019,2,56,3.26
Georgia,2019,3,56.2,2.95
Georgia,2019,4,64.6,3.93
Georgia,2019,5,75.7,2.3
Georgia,2019,6,78.1,5.95
Georgia,2019,7,81,3.93
Georgia,2019,8,80.7,4.53
Georgia,2019,9,79.1,0.89
Georgia,2019,10,69.7,5.49
Georgia,2019,11,52.8,3.18
Georgia,2019,12,52.2,6.54
Idaho,2015,1,28.7,2.06
Idaho,2015,2,35.2,1.86
Idaho,2015,3,40.8,1.51
Idaho,2015,4,42.3,1.23
Idaho,2015,5,51.8,2.89
Idaho,2015,6,64.7,0.77
Idaho,2015,7,65.1,1.37
Idaho,2015,8,65.8,0.76
Idaho,2015,9,57.2,1.31
Idaho,2015,10,50.7,1.69
Idaho,2015,11,29.9,2.51
Idaho,2015,12,24.3,4.56
Idaho,2016,1,25.8,2.66
Idaho,2016,2,31.9,1.65
Idaho,2016,3,37,3.58
Idaho,2016,4,47,1.65
Idaho,2016,5,50.6,2.21
Idaho,2016,6,61.2,0.8
Idaho,2016,7,64.8,0.72
Idaho,2016,8,64.7,0.15
Idaho,2016,9,54.6,1.82
Idaho,2016,10,45.7,4.54
Idaho,2016,11,38.7,1.44
Idaho,2016,12,19.1,3.66
Idaho,2017,1,18.5,3.33
Idaho,2017,2,29.5,4.91
Idaho,2017,3,38.5,4.14
Idaho,2017,4,40.3,2.95
Idaho,2017,5,50.6,1.6
Idaho,2017,6,59.1,1.69
Idaho,2017,7,70,0.33
Idaho,2017,8,66.9,0.35
Idaho,2017,9,55.7,2.09
Idaho,2017,10,41.9,1.65
Idaho,2017,11,34.9,3.55
Idaho,2017,12,25.2,2.24
Idaho,2018,1,30.4,2.78
Idaho,2018,2,26.2,2.33
Idaho,2018,3,33.7,2.75
Idaho,2018,4,42.4,2.54
Idaho,2018,5,54,2.47
Idaho,2018,6,57.7,1.64
Idaho,2018,7,68.4,0.12
Idaho,2018,8,65,0.53
Idaho,2018,9,56.2,0.16
Idaho,2018,10,44,1.94
Idaho,2018,11,32,2.38
Idaho,2018,12,24.3,2.24
Idaho,2019,1,26.3,2.22
Idaho,2019,2,23.2,4.78
Idaho,2019,3,32.4,1.4
Idaho,2019,4,42.9,3.2
Idaho,2019,5,49.8,2.83
Idaho,2019,6,57.2,1.09
Idaho,2019,7,65.5,0.55
Idaho,2019,8,66,0.59
Idaho,2019,9,55,2.1
Idaho,2019,10,36.6,1.57
Idaho,2019,11,34.3,0.82
Idaho,2019,12,26.6,2.26
Illinois,2015,1,25.7,1.5
Illinois,2015,2,19.4,1.43
Illinois,2015,3,38.3,2.35
Illinois,2015,4,54.3,3.41
Illinois,2015,5,64.9,5.39
Illinois,2015,6,71.7,9.44
Illinois,2015,7,74.2,5.21
Illinois,2015,8,71.9,3.02
Illinois,2015,9,70.4,3.42
Illinois,2015,10,56,1.44
Illinois,2015,11,46.6,5.52
Illinois,2015,12,41.1,6.67
Illinois,2016,1,26.9,0.86
Illinois,2016,2,33.8,1.31
Illinois,2016,3,47.3,3.35
Illinois,2016,4,53,3.3
Illinois,2016,5,62,4.34
Illinois,2016,6,74.8,3.13
Illinois,2016,7,75.6,6.9
Illinois,2016,8,75.7,6.77
Illinois,2016,9,70.8,3.42
Illinois,2016,10,59.9,2.38
Illinois,2016,11,48.1,2.59
Illinois,2016,12,28.9,1.4
Illinois,2017,1,32.1,2.13
Illinois,2017,2,41.1,0.73
Illinois,2017,3,43.2,3.56
Illinois,2017,4,56.5,6.88
Illinois,2017,5,61.9,5.17
Illinois,2017,6,72.7,3.19
Illinois,2017,7,76.1,4.81
Illinois,2017,8,70.5,2.4
Illinois,2017,9,68.8,0.83
Illinois,2017,10,58.1,5
Illinois,2017,11,41.9,2.26
Illinois,2017,12,29.8,0.84
Illinois,2018,1,24.1,1.3
Illinois,2018,2,31.8,4.88
Illinois,2018,3,39.2,3.91
Illinois,2018,4,44.8,2.42
Illinois,2018,5,70.7,3.8
Illinois,2018,6,74.9,6.29
Illinois,2018,7,75,3.44
Illinois,2018,8,74.7,4.91
Illinois,2018,9,70.3,4.9
Illinois,2018,10,54.2,3.68
Illinois,2018,11,35.6,3.01
Illinois,2018,12,34.4,3.25
Illinois,2019,1,25.4,3.31
Illinois,2019,2,29.3,3.21
Illinois,2019,3,37.4,4.06
Illinois,2019,4,52.5,4.58
Illinois,2019,5,62.5,8.16
Illinois,2019,6,70.9,5.16
Illinois,2019,7,77.4,3.05
Illinois,2019,8,72.8,4.05
Illinois,2019,9,71.6,5
Illinois,2019,10,53.7,5.01
Illinois,2019,11,36.2,2.4
Illinois,2019,12,35.6,1.88
Indiana,2015,1,25.3,2.11
Indiana,2015,2,19.3,1.4
Indiana,2015,3,37.2,3.54
Indiana,2015,4,52.9,4.79
Indiana,2015,5,65,3.98
Indiana,2015,6,71,9.07
Indiana,2015,7,72.9,6.23
Indiana,2015,8,70.6,2.57
Indiana,2015,9,68.8,2.39
Indiana,2015,10,55.6,2.42
Indiana,2015,11,46.6,3.57
Indiana,2015,12,42.5,5.44
Indiana,2016,1,27.5,1.34
Indiana,2016,2,33.9,2.78
Indiana,2016,3,47.3,4.46
Indiana,2016,4,52,4.17
Indiana,2016,5,60.6,3.53
Indiana,2016,6,72.9,4.28
Indiana,2016,7,74.6,5.13
Indiana,2016,8,75.7,6.48
Indiana,2016,9,69.9,3.66
Indiana,2016,10,59.5,2.61
Indiana,2016,11,47,2.58
Indiana,2016,12,29.8,2.36
Indiana,2017,1,33.8,3.68
Indiana,2017,2,41.3,1.35
Indiana,2017,3,42.6,4.04
Indiana,2017,4,57,4.83
Indiana,2017,5,60.9,6.9
Indiana,2017,6,71.1,4.37
Indiana,2017,7,74.2,6.07
Indiana,2017,8,70,2.26
Indiana,2017,9,67.2,2.03
Indiana,2017,10,57.6,4.32
Indiana,2017,11,42.4,4.43
Indiana,2017,12,29.6,1.33
Indiana,2018,1,24.5,2.05
Indiana,2018,2,35.1,5.91
Indiana,2018,3,38.2,3.92
Indiana,2018,4,45.1,3.59
Indiana,2018,5,69.7,3.42
Indiana,2018,6,73.4,6.55
Indiana,2018,7,74.1,3.37
Indiana,2018,8,74,5.33
Indiana,2018,9,69.9,5.4
Indiana,2018,10,54.9,2.82
Indiana,2018,11,36.8,4.32
Indiana,2018,12,35.4,3.35
Indiana,2019,1,27,3.5
Indiana,2019,2,32.3,4.45
Indiana,2019,3,37.2,4.18
Indiana,2019,4,52.2,5.62
Indiana,2019,5,62.6,6.02
Indiana,2019,6,69.9,6.12
Indiana,2019,7,76.3,3.61
Indiana,2019,8,72.2,3.51
Indiana,2019,9,70.9,2.26
Indiana,2019,10,55.5,4.29
Indiana,2019,11,36.5,2.7
Indiana,2019,12,36.2,3.26
Iowa,2015,1,21.6,0.52
Iowa,2015,2,14.5,1.11
Iowa,2015,3,37.3,0.56
Iowa,2015,4,51.1,3.37
Iowa,2015,5,60,5.06
Iowa,2015,6,69.4,6.38
Iowa,2015,7,72,5.51
Iowa,2015,8,68.9,5.29
Iowa,2015,9,68.4,4.18
Iowa,2015,10,53,1.76
Iowa,2015,11,42,4.08
Iowa,2015,12,33,4.71
Iowa,2016,1,19.6,0.59
Iowa,2016,2,28.6,0.88
Iowa,2016,3,42.4,2.28
Iowa,2016,4,50.1,3.19
Iowa,2016,5,59.5,4.36
Iowa,2016,6,73,3.7
Iowa,2016,7,72.8,5.92
Iowa,2016,8,72,6.14
Iowa,2016,9,67.3,6.12
Iowa,2016,10,55.3,2.01
Iowa,2016,11,45.1,1.39
Iowa,2016,12,22.9,1.52
Iowa,2017,1,24.2,1.56
Iowa,2017,2,34.5,0.99
Iowa,2017,3,37.5,2.57
Iowa,2017,4,51.1,3.8
Iowa,2017,5,58.5,4.8
Iowa,2017,6,71.1,3.5
Iowa,2017,7,74.7,2.94
Iowa,2017,8,67.8,3.83
Iowa,2017,9,66.7,2.31
Iowa,2017,10,53.3,5.26
Iowa,2017,11,36.2,0.41
Iowa,2017,12,24.4,0.39
Iowa,2018,1,17.8,1.02
Iowa,2018,2,20.5,1.54
Iowa,2018,3,35.2,2.28
Iowa,2018,4,39.3,1.54
Iowa,2018,5,67,4.7
Iowa,2018,6,73.1,7.55
Iowa,2018,7,73.1,3.39
Iowa,2018,8,71.8,6.42
Iowa,2018,9,65.9,8.1
Iowa,2018,10,48.2,4.63
Iowa,2018,11,30,1.81
Iowa,2018,12,28,2.1
Iowa,2019,1,18.7,1.28
Iowa,2019,2,15.4,2.34
Iowa,2019,3,31.2,2.19
Iowa,2019,4,49.2,3.03
Iowa,2019,5,56.6,8.21
Iowa,2019,6,69.3,3.91
Iowa,2019,7,75.1,3.38
Iowa,2019,8,69.6,3.53
Iowa,2019,9,68.2,6.21
Iowa,2019,10,47.2,4.78
Iowa,2019,11,32.4,1.49
Iowa,2019,12,29.2,1.28
Kansas,2015,1,32.1,0.37
Kansas,2015,2,31.2,0.83
Kansas,2015,3,46.8,0.49
Kansas,2015,4,56.4,2.76
Kansas,2015,5,61.7,8.28
Kansas,2015,6,75.8,3.34
Kansas,2015,7,78.9,4.93
Kansas,2015,8,75.2,2.95
Kansas,2015,9,74.2,1.58
Kansas,2015,10,59.2,1.79
Kansas,2015,11,46.5,3.1
Kansas,2015,12,37.6,2.36
Kansas,2016,1,32,0.48
Kansas,2016,2,40.8,0.55
Kansas,2016,3,49.7,0.77
Kansas,2016,4,56.3,5.34
Kansas,2016,5,61.6,4.58
Kansas,2016,6,77.5,2.3
Kansas,2016,7,79.7,5.05
Kansas,2016,8,76.4,4.9
Kansas,2016,9,70.8,4.11
Kansas,2016,10,61.5,1.44
Kansas,2016,11,49.9,0.47
Kansas,2016,12,29.8,0.69
Kansas,2017,1,33,1.56
Kansas,2017,2,43.1,0.24
Kansas,2017,3,48.9,2.79
Kansas,2017,4,55.6,5.07
Kansas,2017,5,62.2,4.83
Kansas,2017,6,75.1,3.2
Kansas,2017,7,80.1,2.39
Kansas,2017,8,73.1,3.56
Kansas,2017,9,70.5,2.39
Kansas,2017,10,57.6,2.73
Kansas,2017,11,45.2,0.16
Kansas,2017,12,33.6,0.11
Kansas,2018,1,29.9,0.39
Kansas,2018,2,31.9,0.6
Kansas,2018,3,45.9,1.02
Kansas,2018,4,47.6,1.21
Kansas,2018,5,71.1,4.1
Kansas,2018,6,78.2,3.82
Kansas,2018,7,78.7,4.19
Kansas,2018,8,75.7,4.33
Kansas,2018,9,70.1,3.33
Kansas,2018,10,53.6,5.86
Kansas,2018,11,38.2,0.81
Kansas,2018,12,34.3,2.19
Kansas,2019,1,31.3,1.03
Kansas,2019,2,28,1.02
Kansas,2019,3,39.5,2.12
Kansas,2019,4,55.5,1.67
Kansas,2019,5,60.5,10.51
Kansas,2019,6,72.4,4.45
Kansas,2019,7,78.7,2.32
Kansas,2019,8,77.2,7
Kansas,2019,9,75.3,2.02
Kansas,2019,10,51.2,1.95
Kansas,2019,11,40.3,0.65
Kansas,2019,12,36.7,1.28
Kentucky,2015,1,32.2,1.97
Kentucky,2015,2,26.3,3.26
Kentucky,2015,3,44.5,6.34
Kentucky,2015,4,57.4,8.28
Kentucky,2015,5,67.3,2.67
Kentucky,2015,6,74.2,5.47
Kentucky,2015,7,76.5,9.37
Kentucky,2015,8,72.8,3.19
Kentucky,2015,9,70.2,2.89
Kentucky,2015,10,57.8,3.96
Kentucky,2015,11,50.9,4.39
Kentucky,2015,12,48.7,6.52
Kentucky,2016,1,31.6,1.88
Kentucky,2016,2,38.9,4.97
Kentucky,2016,3,51.8,4.22
Kentucky,2016,4,57.3,3.64
Kentucky,2016,5,62.9,6.06
Kentucky,2016,6,74.9,3.74
Kentucky,2016,7,77.9,8.39
Kentucky,2016,8,78,5
Kentucky,2016,9,72.2,2.13
Kentucky,2016,10,62.7,1.05
Kentucky,2016,11,49.9,2.07
Kentucky,2016,12,37,6.04
Kentucky,2017,1,40.9,4.25
Kentucky,2017,2,46.2,2
Kentucky,2017,3,47.9,4.58
Kentucky,2017,4,61.5,4.48
Kentucky,2017,5,65,6.1
Kentucky,2017,6,71.7,4.96
Kentucky,2017,7,76.9,4.61
Kentucky,2017,8,73.1,4.38
Kentucky,2017,9,68.3,4.45
Kentucky,2017,10,59.4,5.24
Kentucky,2017,11,47.1,2.29
Kentucky,2017,12,35.8,2.92
Kentucky,2018,1,30,2.47
Kentucky,2018,2,44.6,8.99
Kentucky,2018,3,44.1,5.18
Kentucky,2018,4,50.7,4.45
Kentucky,2018,5,71.8,4.88
Kentucky,2018,6,75.5,6.16
Kentucky,2018,7,76.6,4.27
Kentucky,2018,8,75.8,4.8
Kentucky,2018,9,73.1,8.06
Kentucky,2018,10,58.9,3.07
Kentucky,2018,11,41.9,5.82
Kentucky,2018,12,40.5,5.59
Kentucky,2019,1,35.2,4.73
Kentucky,2019,2,42.4,9.39
Kentucky,2019,3,43.2,3.68
Kentucky,2019,4,57.9,4.94
Kentucky,2019,5,68.4,4.43
Kentucky,2019,6,71.9,8.1
Kentucky,2019,7,77.3,5.24
Kentucky,2019,8,75.5,3.46
Kentucky,2019,9,74.8,0.22
Kentucky,2019,10,60,6.34
Kentucky,2019,11,41.2,4.69
Kentucky,2019,12,42.1,6.1
Louisiana,2015,1,47.2,5.86
Louisiana,2015,2,47.5,3.03
Louisiana,2015,3,60.5,5.85
Louisiana,2015,4,69.8,8.19
Louisiana,2015,5,74.8,8.24
Louisiana,2015,6,80.5,5.42
Louisiana,2015,7,84.2,3
Louisiana,2015,8,82.6,2.66
Louisiana,2015,9,78.5,2.76
Louisiana,2015,10,69.7,7.52
Louisiana,2015,11,62.7,9.09
Louisiana,2015,12,59.1,5.69
Louisiana,2016,1,48.8,4.28
Louisiana,2016,2,55.1,3.24
Louisiana,2016,3,63.8,10.6
Louisiana,2016,4,68.2,6.51
Louisiana,2016,5,73.3,5.72
Louisiana,2016,6,80.9,6.03
Louisiana,2016,7,83.7,4.83
Louisiana,2016,8,82.4,13.02
Louisiana,2016,9,80.2,3.18
Louisiana,2016,10,71.4,0.42
Louisiana,2016,11,62.4,2.95
Louisiana,2016,12,54.7,6.3
Louisiana,2017,1,56.8,6.63
Louisiana,2017,2,61.7,2.33
Louisiana,2017,3,64.4,3.64
Louisiana,2017,4,69.4,5.58
Louisiana,2017,5,71.8,9.14
Louisiana,2017,6,78.5,8.99
Louisiana,2017,7,82.4,4.76
Louisiana,2017,8,81,12.94
Louisiana,2017,9,77,0.88
Louisiana,2017,10,69.2,2.61
Louisiana,2017,11,61.6,1.58
Louisiana,2017,12,50.8,4.98
Louisiana,2018,1,44.2,4.7
Louisiana,2018,2,60.5,8.22
Louisiana,2018,3,62.2,4.88
Louisiana,2018,4,62.7,4.78
Louisiana,2018,5,77.8,2.07
Louisiana,2018,6,82.1,3.61
Louisiana,2018,7,83.5,5.1
Louisiana,2018,8,82,4.47
Louisiana,2018,9,80.2,7.61
Louisiana,2018,10,70.7,5.24
Louisiana,2018,11,54.8,6.98
Louisiana,2018,12,52.6,8.73
Louisiana,2019,1,49.8,5.71
Louisiana,2019,2,57.6,4.47
Louisiana,2019,3,58.1,2.01
Louisiana,2019,4,65.1,8.39
Louisiana,2019,5,76,8.17
Louisiana,2019,6,80.1,6.38
Louisiana,2019,7,81.7,7.38
Louisiana,2019,8,83.5,4.96
Louisiana,2019,9,82.2,1.79
Louisiana,2019,10,69,7.96
Louisiana,2019,11,54.8,1.68
Louisiana,2019,12,54.2,2.97
Maine,2015,1,11.7,3.17
Maine,2015,2,5.2,1.74
Maine,2015,3,21.6,1.78
Maine,2015,4,37.8,3.08
Maine,2015,5,55.7,2.8
Maine,2015,6,57.5,5.79
Maine,2015,7,64.8,3.61
Maine,2015,8,67.2,3.9
Maine,2015,9,61.8,4.82
Maine,2015,10,43.2,4.73
Maine,2015,11,37,2.43
Maine,2015,12,31.2,5.31
Maine,2016,1,20.1,2.5
Maine,2016,2,21.9,4.74
Maine,2016,3,29.2,3.74
Maine,2016,4,37.3,2.53
Maine,2016,5,52.8,2.56
Maine,2016,6,60.5,3.41
Maine,2016,7,67,3.78
Maine,2016,8,66.6,4.15
Maine,2016,9,59.1,1.58
Maine,2016,10,46.9,3.98
Maine,2016,11,37.2,3.82
Maine,2016,12,20.5,4.57
Maine,2017,1,21.5,3.83
Maine,2017,2,20.6,3.11
Maine,2017,3,22.2,2.69
Maine,2017,4,42,4.11
Maine,2017,5,50.7,5.67
Maine,2017,6,61,3.73
Maine,2017,7,65.2,2.84
Maine,2017,8,63.3,2.45
Maine,2017,9,61.1,3.08
Maine,2017,10,52,7.17
Maine,2017,11,32.4,2.77
Maine,2017,12,16.4,3.87
Maine,2018,1,15,4.78
Maine,2018,2,22.7,3.02
Maine,2018,3,28.9,2.95
Maine,2018,4,36.5,4.65
Maine,2018,5,53.5,1.92
Maine,2018,6,59,3.69
Maine,2018,7,68.8,4.06
Maine,2018,8,68,3.78
Maine,2018,9,57.9,3.15
Maine,2018,10,41.9,4.48
Maine,2018,11,28.6,6.18
Maine,2018,12,20.4,3.79
Maine,2019,1,14.1,5.25
Maine,2019,2,16.3,2.87
Maine,2019,3,24.6,2.19
Maine,2019,4,38.8,5.37
Maine,2019,5,48.1,4.49
Maine,2019,6,59.5,4.69
Maine,2019,7,68.3,3.31
Maine,2019,8,64.5,4.8
Maine,2019,9,55.3,3.46
Maine,2019,10,46.1,5.73
Maine,2019,11,29.6,4.08
Maine,2019,12,22.8,3.75
Maryland,2015,1,30.7,3.79
Maryland,2015,2,25.3,2.03
Maryland,2015,3,39.4,4.26
Maryland,2015,4,54,3.63
Maryland,2015,5,67.6,2.46
Maryland,2015,6,73,9.39
Maryland,2015,7,75.9,3.93
Maryland,2015,8,73.9,2.61
Maryland,2015,9,70.8,3.86
Maryland,2015,10,55.6,3.71
Maryland,2015,11,50.5,2.62
Maryland,2015,12,48.6,4.57
Maryland,2016,1,32.1,3
Maryland,2016,2,36.9,4.04
Maryland,2016,3,49.4,1.77
Maryland,2016,4,53.1,2.13
Maryland,2016,5,60.9,5.93
Maryland,2016,6,72.2,4.17
Maryland,2016,7,78.4,4.82
Maryland,2016,8,78,2.78
Maryland,2016,9,71.5,6.59
Maryland,2016,10,59.4,2.22
Maryland,2016,11,47.7,1
Maryland,2016,12,38,3.21
Maryland,2017,1,38.3,3.14
Maryland,2017,2,43.7,1.12
Maryland,2017,3,43.1,3.73
Maryland,2017,4,59.5,3.22
Maryland,2017,5,62.2,5.85
Maryland,2017,6,72.6,2.11
Maryland,2017,7,77.4,7.76
Maryland,2017,8,72.8,5.57
Maryland,2017,9,68.3,2.01
Maryland,2017,10,61.2,3.79
Maryland,2017,11,45.8,1.96
Maryland,2017,12,35.3,0.95
Maryland,2018,1,31,2.4
Maryland,2018,2,41.6,4.73
Maryland,2018,3,39.3,2.78
Maryland,2018,4,50.7,3.75
Maryland,2018,5,68.8,7.61
Maryland,2018,6,72.1,5.1
Maryland,2018,7,76.2,8.2
Maryland,2018,8,77.1,4.95
Maryland,2018,9,72.7,9.14
Maryland,2018,10,59,4.04
Maryland,2018,11,43.4,6.95
Maryland,2018,12,39.2,4.97
Maryland,2019,1,33.9,3.26
Maryland,2019,2,37.5,3.61
Maryland,2019,3,42.1,4.07
Maryland,2019,4,57.7,3.04
Maryland,2019,5,67.3,5.19
Maryland,2019,6,72.6,4.23
Maryland,2019,7,78.7,4.91
Maryland,2019,8,75.7,3.12
Maryland,2019,9,71.5,0.71
Maryland,2019,10,60.4,5.26
Maryland,2019,11,42.7,1.71
Maryland,2019,12,38.9,3.6
Massachusetts,2015,1,21.8,4.03
Massachusetts,2015,2,14.6,2.99
Massachusetts,2015,3,29.3,2.84
Massachusetts,2015,4,45.5,2.55
Massachusetts,2015,5,61.8,0.96
Massachusetts,2015,6,63.6,6.57
Massachusetts,2015,7,71,3.15
Massachusetts,2015,8,71.1,2.95
Massachusetts,2015,9,66.2,4.19
Massachusetts,2015,10,50.1,3.86
Massachusetts,2015,11,44.7,2.48
Massachusetts,2015,12,41.8,4.82
Massachusetts,2016,1,28.5,2.48
Massachusetts,2016,2,30.9,4.69
Massachusetts,2016,3,41,3.04
Massachusetts,2016,4,45,2.94
Massachusetts,2016,5,57.2,2.98
Massachusetts,2016,6,66.1,1.77
Massachusetts,2016,7,72.6,2.27
Massachusetts,2016,8,72.5,3.18
Massachusetts,2016,9,64.6,2.36
Massachusetts,2016,10,52.2,4.91
Massachusetts,2016,11,42.2,2.58
Massachusetts,2016,12,31,3.63
Massachusetts,2017,1,31.5,4.03
Massachusetts,2017,2,33,2.68
Massachusetts,2017,3,31.5,3.21
Massachusetts,2017,4,50.2,5.51
Massachusetts,2017,5,55.2,5.78
Massachusetts,2017,6,66,4.45
Massachusetts,2017,7,70,3.47
Massachusetts,2017,8,68,2.89
Massachusetts,2017,9,65.1,3.42
Massachusetts,2017,10,57.5,6.94
Massachusetts,2017,11,40.3,1.82
Massachusetts,2017,12,26.6,2.62
Massachusetts,2018,1,24.5,4.5
Massachusetts,2018,2,34.3,4.88
Massachusetts,2018,3,34.8,4.45
Massachusetts,2018,4,42.3,4.99
Massachusetts,2018,5,60.8,2.05
Massachusetts,2018,6,64.8,4.05
Massachusetts,2018,7,73.3,4.65
Massachusetts,2018,8,73.5,6.24
Massachusetts,2018,9,65.2,7.6
Massachusetts,2018,10,50.3,4.92
Massachusetts,2018,11,37.8,8.77
Massachusetts,2018,12,32.1,3.93
Massachusetts,2019,1,25.9,5.3
Massachusetts,2019,2,28.5,3.21
Massachusetts,2019,3,33.7,2.51
Massachusetts,2019,4,47.8,6.76
Massachusetts,2019,5,55.4,3.7
Massachusetts,2019,6,65.5,4.35
Massachusetts,2019,7,73.9,4.56
Massachusetts,2019,8,69.8,3.83
Massachusetts,2019,9,62,1.89
Massachusetts,2019,10,52.5,6.28
Massachusetts,2019,11,37.5,3.32
Massachusetts,2019,12,30.6,7.03
Michigan,2015,1,16.6,1.28
Michigan,2015,2,8,0.97
Michigan,2015,3,28.6,0.87
Michigan,2015,4,43.2,2.46
Michigan,2015,5,57.2,4.14
Michigan,2015,6,62.5,4.06
Michigan,2015,7,67.9,2.49
Michigan,2015,8,66.9,3.31
Michigan,2015,9,64.6,2.91
Michigan,2015,10,48.9,2.46
Michigan,2015,11,41.3,3.06
Michigan,2015,12,35.6,3.73
Michigan,2016,1,22.3,1.73
Michigan,2016,2,25.3,1.87
Michigan,2016,3,36.1,3.65
Michigan,2016,4,40.8,2.8
Michigan,2016,5,55.4,2.63
Michigan,2016,6,64.7,2.46
Michigan,2016,7,70.3,3.92
Michigan,2016,8,70.8,5.04
Michigan,2016,9,63.5,3.96
Michigan,2016,10,51.6,3.46
Michigan,2016,11,42.6,2.04
Michigan,2016,12,25,2.3
Michigan,2017,1,25.2,2.78
Michigan,2017,2,29.9,2.02
Michigan,2017,3,30.7,2.94
Michigan,2017,4,47.2,4.39
Michigan,2017,5,53,3.36
Michigan,2017,6,65.3,4.72
Michigan,2017,7,68.5,2.74
Michigan,2017,8,65.2,3.5
Michigan,2017,9,62.6,1.57
Michigan,2017,10,52.5,6.63
Michigan,2017,11,34.5,2.74
Michigan,2017,12,20.9,1.88
Michigan,2018,1,20,1.74
Michigan,2018,2,23,2.96
Michigan,2018,3,29.6,1.13
Michigan,2018,4,35.2,3
Michigan,2018,5,60.2,4.26
Michigan,2018,6,65.2,2.95
Michigan,2018,7,70.5,2.62
Michigan,2018,8,69.8,4.47
Michigan,2018,9,62.4,3.54
Michigan,2018,10,45.9,5.14
Michigan,2018,11,30.8,2.53
Michigan,2018,12,28.7,1.83
Michigan,2019,1,16.8,2.29
Michigan,2019,2,20,2.93
Michigan,2019,3,27.6,1.81
Michigan,2019,4,42.5,3.65
Michigan,2019,5,51.8,4.73
Michigan,2019,6,62.6,4.13
Michigan,2019,7,71,2.99
Michigan,2019,8,66.3,2.46
Michigan,2019,9,62.3,5.19
Michigan,2019,10,47.5,5.54
Michigan,2019,11,30.8,2.69
Michigan,2019,12,28.4,3.42
Minnesota,2015,1,13.7,0.49
Minnesota,2015,2,5.6,0.47
Minnesota,2015,3,30.7,0.6
Minnesota,2015,4,44.6,1.39
Minnesota,2015,5,54.2,5.3
Minnesota,2015,6,64.7,3.8
Minnesota,2015,7,69.5,4.07
Minnesota,2015,8,65.9,3.89
Minnesota,2015,9,63.8,2.71
Minnesota,2015,10,47.9,2.15
Minnesota,2015,11,36.5,2.68
Minnesota,2015,12,24.8,1.91
Minnesota,2016,1,12.6,0.54
Minnesota,2016,2,19.9,0.74
Minnesota,2016,3,35.7,1.96
Minnesota,2016,4,42.5,2.15
Minnesota,2016,5,56.7,2.53
Minnesota,2016,6,65.6,4.15
Minnesota,2016,7,69.3,6.07
Minnesota,2016,8,68.1,5.31
Minnesota,2016,9,60.7,4.62
Minnesota,2016,10,48.2,2.17
Minnesota,2016,11,40.2,1.72
Minnesota,2016,12,15.3,1.58
Minnesota,2017,1,14.6,0.98
Minnesota,2017,2,23.9,0.97
Minnesota,2017,3,28.2,0.81
Minnesota,2017,4,44.4,2.5
Minnesota,2017,5,53.6,3.21
Minnesota,2017,6,65,3.76
Minnesota,2017,7,69.2,2.64
Minnesota,2017,8,64,5.23
Minnesota,2017,9,60.8,3.72
Minnesota,2017,10,47.1,3.26
Minnesota,2017,11,27.4,0.51
Minnesota,2017,12,13.4,0.71
Minnesota,2018,1,10.4,0.57
Minnesota,2018,2,8.6,1.02
Minnesota,2018,3,27.5,1.17
Minnesota,2018,4,32.7,1.13
Minnesota,2018,5,61.1,2.79
Minnesota,2018,6,67,5.72
Minnesota,2018,7,69.7,4.3
Minnesota,2018,8,67.4,3.11
Minnesota,2018,9,59,4.32
Minnesota,2018,10,40.7,3.57
Minnesota,2018,11,22.8,1.05
Minnesota,2018,12,20.2,1.33
Minnesota,2019,1,6.6,0.65
Minnesota,2019,2,5.3,1.72
Minnesota,2019,3,22.6,1.66
Minnesota,2019,4,41.4,2.71
Minnesota,2019,5,50.6,4.11
Minnesota,2019,6,64.4,3.55
Minnesota,2019,7,70.4,4.62
Minnesota,2019,8,65.3,3.31
Minnesota,2019,9,60.2,6.12
Minnesota,2019,10,42.4,4.22
Minnesota,2019,11,25.9,1.17
Minnesota,2019,12,16.6,1.82
Mississippi,2015,1,43.8,4.7
Mississippi,2015,2,41.9,4.09
Mississippi,2015,3,57.7,6.4
Mississippi,2015,4,67,6.09
Mississippi,2015,5,72.3,6.18
Mississippi,2015,6,79.2,4.05
Mississippi,2015,7,82.8,4.4
Mississippi,2015,8,80.1,3.14
Mississippi,2015,9,76.3,1.58
Mississippi,2015,10,66.5,5.26
Mississippi,2015,11,59.2,7.45
Mississippi,2015,12,56.7,7.23
Mississippi,2016,1,43.7,3.6
Mississippi,2016,2,50.9,5.41
Mississippi,2016,3,60.2,10.83
Mississippi,2016,4,65.2,5.71
Mississippi,2016,5,70.5,2.52
Mississippi,2016,6,80.2,3.71
Mississippi,2016,7,82.4,4.9
Mississippi,2016,8,82,5.79
Mississippi,2016,9,79,1.8
Mississippi,2016,10,69.2,0.55
Mississippi,2016,11,58.2,3.29
Mississippi,2016,12,49.4,5.02
Mississippi,2017,1,52.9,6.7
Mississippi,2017,2,57.1,2.83
Mississippi,2017,3,60.1,4.1
Mississippi,2017,4,67.3,5.57
Mississippi,2017,5,70.1,6.65
Mississippi,2017,6,76.7,9.39
Mississippi,2017,7,81.2,4.83
Mississippi,2017,8,79.3,6.92
Mississippi,2017,9,74.5,2.64
Mississippi,2017,10,66.2,2.94
Mississippi,2017,11,56.8,1.32
Mississippi,2017,12,47.1,5.04
Mississippi,2018,1,40.1,3.66
Mississippi,2018,2,56.9,10.15
Mississippi,2018,3,57.1,5.57
Mississippi,2018,4,58.9,6.61
Mississippi,2018,5,75.8,3.58
Mississippi,2018,6,80.6,3.87
Mississippi,2018,7,81.8,4.61
Mississippi,2018,8,80.3,4.58
Mississippi,2018,9,78.9,6.6
Mississippi,2018,10,67.4,2.54
Mississippi,2018,11,50.5,6.52
Mississippi,2018,12,49,8.52
Mississippi,2019,1,46.3,6.17
Mississippi,2019,2,55,7.72
Mississippi,2019,3,54.6,3.32
Mississippi,2019,4,63.2,8.73
Mississippi,2019,5,74.3,5.97
Mississippi,2019,6,78.3,5.24
Mississippi,2019,7,80.8,6.79
Mississippi,2019,8,81.4,5.31
Mississippi,2019,9,81.2,0.41
Mississippi,2019,10,66.5,10.22
Mississippi,2019,11,50.4,2.71
Mississippi,2019,12,50.8,5.47
Missouri,2015,1,31.2,1.19
Missouri,2015,2,26.2,1.7
Missouri,2015,3,44.5,3.24
Missouri,2015,4,57.7,3.53
Missouri,2015,5,64.8,7.3
Missouri,2015,6,74.3,7.36
Missouri,2015,7,77.4,7.93
Missouri,2015,8,73.4,3.96
Missouri,2015,9,71.6,2.18
Missouri,2015,10,57.7,1.56
Missouri,2015,11,48.9,7.9
Missouri,2015,12,42.4,7.67
Missouri,2016,1,30.9,0.9
Missouri,2016,2,39.1,1.02
Missouri,2016,3,50.4,2.99
Missouri,2016,4,57.3,3.71
Missouri,2016,5,62.7,5.78
Missouri,2016,6,76.9,2.43
Missouri,2016,7,78.1,6.56
Missouri,2016,8,76.7,6.61
Missouri,2016,9,71.7,4.39
Missouri,2016,10,62.1,2.29
Missouri,2016,11,51,1.49
Missouri,2016,12,32.4,1.27
Missouri,2017,1,35.4,1.84
Missouri,2017,2,45.1,0.59
Missouri,2017,3,48.4,3.9
Missouri,2017,4,58.5,9.57
Missouri,2017,5,64.1,5.97
Missouri,2017,6,73.5,4.32
Missouri,2017,7,78.8,3.39
Missouri,2017,8,72.1,5.15
Missouri,2017,9,70.4,1.02
Missouri,2017,10,59,3.78
Missouri,2017,11,46.2,0.91
Missouri,2017,12,34.3,1.01
Missouri,2018,1,28,1.64
Missouri,2018,2,35.6,4.89
Missouri,2018,3,44,3.78
Missouri,2018,4,48.2,2.03
Missouri,2018,5,72.5,4.18
Missouri,2018,6,77.4,3.7
Missouri,2018,7,78.2,2.49
Missouri,2018,8,76.4,5.66
Missouri,2018,9,71.3,3.52
Missouri,2018,10,56.4,4.68
Missouri,2018,11,37.6,2.73
Missouri,2018,12,36.8,3.7
Missouri,2019,1,31,3.04
Missouri,2019,2,33,3.61
Missouri,2019,3,40.8,4.2
Missouri,2019,4,56.7,3.48
Missouri,2019,5,64.5,10.3
Missouri,2019,6,72.3,5.73
Missouri,2019,7,77.6,4.46
Missouri,2019,8,75.3,6.16
Missouri,2019,9,74.8,3.29
Missouri,2019,10,54.2,5
Missouri,2019,11,40.1,2.87
Missouri,2019,12,39,1.68
Montana,2015,1,24.7,1.18
Montana,2015,2,26.9,0.9
Montana,2015,3,39.5,0.99
Montana,2015,4,42.8,1.08
Montana,2015,5,49.6,2.43
Montana,2015,6,63.8,1.77
Montana,2015,7,66.2,1.88
Montana,2015,8,65.9,1.01
Montana,2015,9,57.3,1.29
Montana,2015,10,48,1.4
Montana,2015,11,30,1.34
Montana,2015,12,23.6,1.61
Montana,2016,1,23.4,0.91
Montana,2016,2,33.6,0.85
Montana,2016,3,37.4,1.37
Montana,2016,4,45,2.33
Montana,2016,5,51,3.1
Montana,2016,6,62.4,1.53
Montana,2016,7,65.9,2.07
Montana,2016,8,64.4,1.04
Montana,2016,9,54.8,2.47
Montana,2016,10,44.3,3.36
Montana,2016,11,39.1,0.65
Montana,2016,12,14.2,1.49
Montana,2017,1,15.2,0.91
Montana,2017,2,25.4,1.72
Montana,2017,3,35.8,1.84
Montana,2017,4,42.1,2.13
Montana,2017,5,52.3,1.54
Montana,2017,6,60.6,1.72
Montana,2017,7,71.6,0.43
Montana,2017,8,65.5,0.37
Montana,2017,9,55.2,2.1
Montana,2017,10,42.6,1.16
Montana,2017,11,30.7,1.7
Montana,2017,12,21.1,1.81
Montana,2018,1,21.7,1.16
Montana,2018,2,11.4,2.12
Montana,2018,3,28.3,1.44
Montana,2018,4,37.9,2.17
Montana,2018,5,55.7,2.8
Montana,2018,6,59.2,3.62
Montana,2018,7,66.8,0.76
Montana,2018,8,64.5,1.05
Montana,2018,9,53,1.09
Montana,2018,10,41.6,1.34
Montana,2018,11,30.2,1.44
Montana,2018,12,25,0.99
Montana,2019,1,24.7,1.04
Montana,2019,2,5.1,1.92
Montana,2019,3,25.1,0.63
Montana,2019,4,41.9,2.18
Montana,2019,5,47.7,2.67
Montana,2019,6,58.6,2.56
Montana,2019,7,65,2.03
Montana,2019,8,64.8,1.53
Montana,2019,9,55.1,3.58
Montana,2019,10,35.4,1.36
Montana,2019,11,29.2,1.12
Montana,2019,12,25.8,0.79
Nebraska,2015,1,27.2,0.21
Nebraska,2015,2,26.1,0.68
Nebraska,2015,3,42.9,0.24
Nebraska,2015,4,50.5,2.64
Nebraska,2015,5,56.2,5.89
Nebraska,2015,6,69.8,4.73
Nebraska,2015,7,73.4,3.33
Nebraska,2015,8,70.9,2.83
Nebraska,2015,9,68.6,2.54
Nebraska,2015,10,54.3,1.43
Nebraska,2015,11,40.1,1.95
Nebraska,2015,12,29.7,1.6
Nebraska,2016,1,26,0.4
Nebraska,2016,2,35,0.79
Nebraska,2016,3,43.9,1.16
Nebraska,2016,4,49.9,5.2
Nebraska,2016,5,57.2,4.39
Nebraska,2016,6,73.3,2.2
Nebraska,2016,7,74.2,3.55
Nebraska,2016,8,71.8,2.57
Nebraska,2016,9,65,2.21
Nebraska,2016,10,55.4,1.16
Nebraska,2016,11,44.3,0.86
Nebraska,2016,12,23.8,0.82
Nebraska,2017,1,24.8,1.01
Nebraska,2017,2,35.4,0.72
Nebraska,2017,3,42.2,1.55
Nebraska,2017,4,49.7,2.56
Nebraska,2017,5,57,4.71
Nebraska,2017,6,70.7,1.53
Nebraska,2017,7,76.8,2.64
Nebraska,2017,8,69,4.31
Nebraska,2017,9,65,2.72
Nebraska,2017,10,51,2.96
Nebraska,2017,11,39.9,0.23
Nebraska,2017,12,26.6,0.4
Nebraska,2018,1,23,0.72
Nebraska,2018,2,21.7,0.67
Nebraska,2018,3,38.5,1.14
Nebraska,2018,4,41.2,1.55
Nebraska,2018,5,63.8,4.66
Nebraska,2018,6,72.2,5.26
Nebraska,2018,7,73.4,4.66
Nebraska,2018,8,70.8,2.44
Nebraska,2018,9,65.7,2.74
Nebraska,2018,10,47.2,2.54
Nebraska,2018,11,33.5,0.87
Nebraska,2018,12,28.1,1.97
Nebraska,2019,1,26.4,0.25
Nebraska,2019,2,17.3,0.74
Nebraska,2019,3,31.6,2.81
Nebraska,2019,4,49.2,1.75
Nebraska,2019,5,53.6,6.59
Nebraska,2019,6,68,3.74
Nebraska,2019,7,74.5,4.17
Nebraska,2019,8,71.5,5.14
Nebraska,2019,9,68.3,2.49
Nebraska,2019,10,44.2,1.59
Nebraska,2019,11,35.3,0.96
Nebraska,2019,12,30.2,1.15
Nevada,2015,1,37.7,0.5
Nevada,2015,2,42.8,0.58
Nevada,2015,3,47.6,0.38
Nevada,2015,4,47.8,0.7
Nevada,2015,5,55.4,2.11
Nevada,2015,6,71,0.56
Nevada,2015,7,70.9,1.22
Nevada,2015,8,72.7,0.49
Nevada,2015,9,65.9,0.34
Nevada,2015,10,56.2,1.83
Nevada,2015,11,35.9,1.29
Nevada,2015,12,30.8,1.34
Nevada,2016,1,31.1,1.72
Nevada,2016,2,38,0.48
Nevada,2016,3,44.2,1.01
Nevada,2016,4,50.1,1.58
Nevada,2016,5,55.1,1
Nevada,2016,6,69.7,0.43
Nevada,2016,7,73.7,0.21
Nevada,2016,8,72.1,0.32
Nevada,2016,9,62.3,0.6
Nevada,2016,10,53.2,1.36
Nevada,2016,11,43.2,0.48
Nevada,2016,12,30.5,1.96
Nevada,2017,1,29.1,2.88
Nevada,2017,2,38.1,1.56
Nevada,2017,3,45.7,1.11
Nevada,2017,4,47.1,1.12
Nevada,2017,5,57.1,0.53
Nevada,2017,6,68.6,0.53
Nevada,2017,7,76.2,0.61
Nevada,2017,8,73.5,0.63
Nevada,2017,9,61.6,0.96
Nevada,2017,10,50.4,0.17
Nevada,2017,11,44.4,0.88
Nevada,2017,12,34.8,0.19
Nevada,2018,1,38.5,0.96
Nevada,2018,2,33.7,0.42
Nevada,2018,3,39.5,1.62
Nevada,2018,4,50,0.86
Nevada,2018,5,57.7,1.48
Nevada,2018,6,67.8,0.13
Nevada,2018,7,77,0.7
Nevada,2018,8,73.2,0.22
Nevada,2018,9,65,0.04
Nevada,2018,10,50.3,1.09
Nevada,2018,11,39.4,0.81
Nevada,2018,12,32,0.94
Nevada,2019,1,34.1,1.32
Nevada,2019,2,30,2.41
Nevada,2019,3,40.1,2.1
Nevada,2019,4,50.1,1.24
Nevada,2019,5,51.8,2.61
Nevada,2019,6,64.3,0.32
Nevada,2019,7,72.8,0.26
Nevada,2019,8,73.1,0.19
Nevada,2019,9,61.6,0.8
Nevada,2019,10,45.6,0.12
Nevada,2019,11,41.8,0.98
Nevada,2019,12,33.1,1.46
New Hampshire,2015,1,14.6,3.35
New Hampshire,2015,2,8.1,2.42
New Hampshire,2015,3,23.8,1.65
New Hampshire,2015,4,40.6,2.8
New Hampshire,2015,5,58.9,1.95
New Hampshire,2015,6,60.2,7.34
New Hampshire,2015,7,66.9,3.71
New Hampshire,2015,8,67.6,3.59
New Hampshire,2015,9,62.7,5.36
New Hampshire,2015,10,45.2,4.05
New Hampshire,2015,11,39.6,2.36
New Hampshire,2015,12,35.2,5.43
New Hampshire,2016,1,22.9,1.97
New Hampshire,2016,2,25.6,4.72
New Hampshire,2016,3,35.2,3.46
New Hampshire,2016,4,40.2,2.53
New Hampshire,2016,5,54.8,2.43
New Hampshire,2016,6,62.6,2.89
New Hampshire,2016,7,68.5,3.46
New Hampshire,2016,8,68.2,4.17
New Hampshire,2016,9,60.5,2.11
New Hampshire,2016,10,48,4.6
New Hampshire,2016,11,37.9,3.04
New Hampshire,2016,12,24.4,4.19
New Hampshire,2017,1,25.7,2.82
New Hampshire,2017,2,26.7,3.12
New Hampshire,2017,3,25.3,3.11
New Hampshire,2017,4,45.8,4.48
New Hampshire,2017,5,52.2,6.55
New Hampshire,2017,6,62.6,5.24
New Hampshire,2017,7,66.5,3.89
New Hampshire,2017,8,64.1,3.66
New Hampshire,2017,9,62.2,2.96
New Hampshire,2017,10,53.9,7.83
New Hampshire,2017,11,34.6,2.04
New Hampshire,2017,12,19.6,3.47
New Hampshire,2018,1,18.3,4.14
New Hampshire,2018,2,27,3.43
New Hampshire,2018,3,30.3,2.76
New Hampshire,2018,4,38,4.66
New Hampshire,2018,5,57.3,1.65
New Hampshire,2018,6,61.4,3.75
New Hampshire,2018,7,69.9,4.96
New Hampshire,2018,8,69.2,5.86
New Hampshire,2018,9,61.1,4.8
New Hampshire,2018,10,45,4.54
New Hampshire,2018,11,31.2,7.75
New Hampshire,2018,12,24.7,3.5
New Hampshire,2019,1,18.1,5.41
New Hampshire,2019,2,21.1,2.93
New Hampshire,2019,3,27.4,1.73
New Hampshire,2019,4,42.4,5.73
New Hampshire,2019,5,51.3,4.54
New Hampshire,2019,6,61.6,5.3
New Hampshire,2019,7,70,3.67
New Hampshire,2019,8,65.8,4.03
New Hampshire,2019,9,57.5,2.34
New Hampshire,2019,10,48,5.83
New Hampshire,2019,11,31.6,3.7
New Hampshire,2019,12,24.8,5.04
New Jersey,2015,1,27.9,4.43
New Jersey,2015,2,22.3,2.18
New Jersey,2015,3,35.9,4.55
New Jersey,2015,4,51.5,2.67
New Jersey,2015,5,66.1,1.21
New Jersey,2015,6,70.3,8.12
New Jersey,2015,7,75.2,3.68
New Jersey,2015,8,74.3,2.26
New Jersey,2015,9,70.7,3.6
New Jersey,2015,10,54.5,4.02
New Jersey,2015,11,49.7,2.3
New Jersey,2015,12,48,4.84
New Jersey,2016,1,31.4,3.19
New Jersey,2016,2,36,4.08
New Jersey,2016,3,47,1.87
New Jersey,2016,4,50.7,2.26
New Jersey,2016,5,60.2,4.79
New Jersey,2016,6,70.6,2.4
New Jersey,2016,7,77.2,6.97
New Jersey,2016,8,76.9,2.08
New Jersey,2016,9,69.7,3.45
New Jersey,2016,10,56.7,2.8
New Jersey,2016,11,46.7,2.43
New Jersey,2016,12,36.3,3.27
New Jersey,2017,1,36.2,3.71
New Jersey,2017,2,40.4,1.64
New Jersey,2017,3,38.9,4.06
New Jersey,2017,4,55.9,3.82
New Jersey,2017,5,60,6.51
New Jersey,2017,6,70.4,3.32
New Jersey,2017,7,75.5,6.29
New Jersey,2017,8,71.6,5.17
New Jersey,2017,9,68.2,2.27
New Jersey,2017,10,60.4,4.97
New Jersey,2017,11,44.4,1.7
New Jersey,2017,12,33.2,1.46
New Jersey,2018,1,29.2,2.72
New Jersey,2018,2,39.4,6.08
New Jersey,2018,3,38.3,4.64
New Jersey,2018,4,48,4.17
New Jersey,2018,5,65.2,5.8
New Jersey,2018,6,70.1,3.3
New Jersey,2018,7,76.2,5.91
New Jersey,2018,8,76.8,5.56
New Jersey,2018,9,70.2,7.57
New Jersey,2018,10,56.4,4.46
New Jersey,2018,11,42.5,8.65
New Jersey,2018,12,37.8,5.9
New Jersey,2019,1,31.6,4.49
New Jersey,2019,2,34.6,3.26
New Jersey,2019,3,39.5,3.84
New Jersey,2019,4,54.8,3.98
New Jersey,2019,5,62.8,6.76
New Jersey,2019,6,70.7,5.18
New Jersey,2019,7,78.1,6.14
New Jersey,2019,8,74.5,3.75
New Jersey,2019,9,69,1.24
New Jersey,2019,10,58.1,5.79
New Jersey,2019,11,41.4,1.94
New Jersey,2019,12,36.4,5.44
New Mexico,2015,1,35.6,1.41
New Mexico,2015,2,41.4,0.72
New Mexico,2015,3,47.6,0.71
New Mexico,2015,4,52.5,0.74
New Mexico,2015,5,58.3,2.54
New Mexico,2015,6,71.6,1.57
New Mexico,2015,7,73.1,3.7
New Mexico,2015,8,73.4,2.05
New Mexico,2015,9,69,1.1
New Mexico,2015,10,57.5,2.89
New Mexico,2015,11,43.4,0.85
New Mexico,2015,12,35.9,1.05
New Mexico,2016,1,34.3,0.52
New Mexico,2016,2,42,0.27
New Mexico,2016,3,48.3,0.08
New Mexico,2016,4,52.3,0.98
New Mexico,2016,5,59.4,0.98
New Mexico,2016,6,73,1.05
New Mexico,2016,7,76.9,1.25
New Mexico,2016,8,70.1,3.21
New Mexico,2016,9,65.9,1.83
New Mexico,2016,10,59.6,0.32
New Mexico,2016,11,46.7,1.34
New Mexico,2016,12,37.8,1.11
New Mexico,2017,1,37.2,1.71
New Mexico,2017,2,44.5,0.61
New Mexico,2017,3,51.2,0.48
New Mexico,2017,4,53.7,0.99
New Mexico,2017,5,60.1,0.73
New Mexico,2017,6,72.8,0.94
New Mexico,2017,7,74.6,2.65
New Mexico,2017,8,70.8,2.98
New Mexico,2017,9,66.4,2.42
New Mexico,2017,10,56.4,1.07
New Mexico,2017,11,50.2,0.11
New Mexico,2017,12,38.7,0.11
New Mexico,2018,1,37,0.16
New Mexico,2018,2,41.3,0.74
New Mexico,2018,3,47.2,0.27
New Mexico,2018,4,55.1,0.15
New Mexico,2018,5,65.5,0.47
New Mexico,2018,6,74.3,0.87
New Mexico,2018,7,75.1,2.43
New Mexico,2018,8,73,1.94
New Mexico,2018,9,66.9,1.81
New Mexico,2018,10,53.9,2.75
New Mexico,2018,11,41.2,0.22
New Mexico,2018,12,35.6,0.91
New Mexico,2019,1,35.6,0.55
New Mexico,2019,2,38,0.61
New Mexico,2019,3,45.6,1.03
New Mexico,2019,4,53.9,0.83
New Mexico,2019,5,58.1,1
New Mexico,2019,6,69.4,0.86
New Mexico,2019,7,75.5,1.73
New Mexico,2019,8,75.3,1.54
New Mexico,2019,9,69,1.5
New Mexico,2019,10,52.2,1.2
New Mexico,2019,11,43.5,1.78
New Mexico,2019,12,37.1,0.74
New York,2015,1,16.2,2.34
New York,2015,2,9.2,2
New York,2015,3,25.5,1.61
New York,2015,4,43.3,3.02
New York,2015,5,61,2.75
New York,2015,6,63,7.69
New York,2015,7,68.1,3.6
New York,2015,8,67.5,3.07
New York,2015,9,65,4.75
New York,2015,10,47.4,3.7
New York,2015,11,42.8,2.05
New York,2015,12,39.3,4.06
New York,2016,1,23.7,1.73
New York,2016,2,26.7,4.36
New York,2016,3,37.7,2.13
New York,2016,4,41.3,2.56
New York,2016,5,55.7,2.53
New York,2016,6,64.1,2.87
New York,2016,7,70.4,3.4
New York,2016,8,70.9,4.54
New York,2016,9,62.9,2.49
New York,2016,10,50.5,5.43
New York,2016,11,40.2,2.66
New York,2016,12,27.6,3.47
New York,2017,1,27.9,3.4
New York,2017,2,30.6,3
New York,2017,3,28.2,3.44
New York,2017,4,48.8,4.85
New York,2017,5,54,5.85
New York,2017,6,63.9,4.85
New York,2017,7,68.1,5.24
New York,2017,8,65.6,3.46
New York,2017,9,62.3,2.42
New York,2017,10,54.8,5.55
New York,2017,11,36.2,2.76
New York,2017,12,22.6,2.56
New York,2018,1,19.1,3.45
New York,2018,2,29.4,3.18
New York,2018,3,29.9,3
New York,2018,4,37.8,3.86
New York,2018,5,60,2.76
New York,2018,6,63.4,3.28
New York,2018,7,71.2,4.62
New York,2018,8,70.4,5.36
New York,2018,9,63.6,5.13
New York,2018,10,47.7,4.73
New York,2018,11,33.3,5.94
New York,2018,12,28.5,3.27
New York,2019,1,19.4,4.43
New York,2019,2,24.1,2.72
New York,2019,3,29.5,1.95
New York,2019,4,44.5,4.35
New York,2019,5,54.2,5.33
New York,2019,6,62.9,5.01
New York,2019,7,71,3.67
New York,2019,8,66.6,3.91
New York,2019,9,60.3,2.81
New York,2019,10,50.2,6.6
New York,2019,11,32.9,3.44
New York,2019,12,27.3,4.01
North Carolina,2015,1,39.4,3.95
North Carolina,2015,2,34.9,3.5
North Carolina,2015,3,50.7,3.43
North Carolina,2015,4,60,4.35
North Carolina,2015,5,68.6,2.62
North Carolina,2015,6,77.3,5.2
North Carolina,2015,7,78.5,4.38
North Carolina,2015,8,76.1,4
North Carolina,2015,9,71.6,5.31
North Carolina,2015,10,60,7.07
North Carolina,2015,11,54.4,7.2
North Carolina,2015,12,54.7,7.31
North Carolina,2016,1,38.4,2.8
North Carolina,2016,2,43.2,5.81
North Carolina,2016,3,56.2,2.14
North Carolina,2016,4,58.7,2.78
North Carolina,2016,5,65.8,5.57
North Carolina,2016,6,75.3,4.32
North Carolina,2016,7,80.1,5.18
North Carolina,2016,8,79.2,4.49
North Carolina,2016,9,74.3,7.59
North Carolina,2016,10,63.2,5.63
North Carolina,2016,11,51.7,1.11
North Carolina,2016,12,44,3.19
North Carolina,2017,1,45.4,3.96
North Carolina,2017,2,50.7,1.19
North Carolina,2017,3,50,3.64
North Carolina,2017,4,63.9,6.5
North Carolina,2017,5,67.7,5.95
North Carolina,2017,6,73.8,4.7
North Carolina,2017,7,78.7,4.49
North Carolina,2017,8,75.8,5.15
North Carolina,2017,9,70.5,3.86
North Carolina,2017,10,62.8,4.37
North Carolina,2017,11,50.3,1.3
North Carolina,2017,12,42.4,2.85
North Carolina,2018,1,35.9,3.79
North Carolina,2018,2,51.9,3.08
North Carolina,2018,3,46.3,4.11
North Carolina,2018,4,56.1,5.16
North Carolina,2018,5,71.6,6.79
North Carolina,2018,6,76.8,3.98
North Carolina,2018,7,77.2,6.36
North Carolina,2018,8,77.3,6.61
North Carolina,2018,9,76.2,10.4
North Carolina,2018,10,62.5,4.68
North Carolina,2018,11,48.4,6.33
North Carolina,2018,12,45,7.06
North Carolina,2019,1,42,3.85
North Carolina,2019,2,48.1,4.99
North Carolina,2019,3,48.8,3.22
North Carolina,2019,4,61,5.19
North Carolina,2019,5,72.1,2.28
North Carolina,2019,6,74.2,5.82
North Carolina,2019,7,79,4.75
North Carolina,2019,8,77,5.14
North Carolina,2019,9,74.9,3.09
North Carolina,2019,10,64.6,4.9
North Carolina,2019,11,47.4,3.34
North Carolina,2019,12,46.6,4.54
North Dakota,2015,1,16,0.48
North Dakota,2015,2,8.4,0.41
North Dakota,2015,3,33,0.42
North Dakota,2015,4,44.3,0.59
North Dakota,2015,5,52.4,4
North Dakota,2015,6,65.1,3.63
North Dakota,2015,7,69.9,2.65
North Dakota,2015,8,68,1.59
North Dakota,2015,9,62,1.57
North Dakota,2015,10,47.8,1.32
North Dakota,2015,11,32.5,0.49
North Dakota,2015,12,21.1,0.57
North Dakota,2016,1,14.6,0.22
North Dakota,2016,2,25.6,0.39
North Dakota,2016,3,36.3,0.53
North Dakota,2016,4,41.8,2.53
North Dakota,2016,5,56.6,2.31
North Dakota,2016,6,66,2.61
North Dakota,2016,7,69.3,4.33
North Dakota,2016,8,68,2.44
North Dakota,2016,9,58.6,3.05
North Dakota,2016,10,46.1,1.23
North Dakota,2016,11,39.3,0.91
North Dakota,2016,12,10.2,1.3
North Dakota,2017,1,11.2,0.48
North Dakota,2017,2,20.5,0.4
North Dakota,2017,3,27.4,0.47
North Dakota,2017,4,42.7,0.97
North Dakota,2017,5,54.8,1.01
North Dakota,2017,6,64.8,2.2
North Dakota,2017,7,72.2,1.24
North Dakota,2017,8,65.2,2.79
North Dakota,2017,9,58.3,2.47
North Dakota,2017,10,45,0.25
North Dakota,2017,11,26.4,0.31
North Dakota,2017,12,15.6,0.4
North Dakota,2018,1,11.8,0.23
North Dakota,2018,2,5.4,0.35
North Dakota,2018,3,24.7,1.39
North Dakota,2018,4,33.3,0.5
North Dakota,2018,5,60.2,1.97
North Dakota,2018,6,67.4,4.53
North Dakota,2018,7,69.3,2.89
North Dakota,2018,8,67.6,1.45
North Dakota,2018,9,55,1.65
North Dakota,2018,10,39.1,1.4
North Dakota,2018,11,22.9,0.76
North Dakota,2018,12,20.8,0.65
North Dakota,2019,1,9.9,0.42
North Dakota,2019,2,-2.7,1.01
North Dakota,2019,3,20.6,0.51
North Dakota,2019,4,41.8,1.15
North Dakota,2019,5,49.6,2.3
North Dakota,2019,6,64,3.07
North Dakota,2019,7,69.3,3.4
North Dakota,2019,8,65.5,2.85
North Dakota,2019,9,58.3,5.9
North Dakota,2019,10,37.6,2.41
North Dakota,2019,11,26.1,0.61
North Dakota,2019,12,16.1,0.76
Ohio,2015,1,24.4,2.46
Ohio,2015,2,17.3,1.47
Ohio,2015,3,35.9,3.52
Ohio,2015,4,51.5,4.58
Ohio,2015,5,65,3.34
Ohio,2015,6,69.8,8.03
Ohio,2015,7,71.6,4.75
Ohio,2015,8,70.1,2.49
Ohio,2015,9,68.4,3.07
Ohio,2015,10,54.4,2.76
Ohio,2015,11,47.3,2.24
Ohio,2015,12,43.7,4.3
Ohio,2016,1,27.2,1.34
Ohio,2016,2,33.6,3.24
Ohio,2016,3,46.5,4.01
Ohio,2016,4,50.2,3.4
Ohio,2016,5,59.7,3.4
Ohio,2016,6,71.2,3.29
Ohio,2016,7,74.8,3.23
Ohio,2016,8,76,4.2
Ohio,2016,9,69.2,3.72
Ohio,2016,10,57.7,2.93
Ohio,2016,11,45.8,1.31
Ohio,2016,12,31,3.32
Ohio,2017,1,34.6,4.06
Ohio,2017,2,40.5,2.03
Ohio,2017,3,40.4,4.5
Ohio,2017,4,56.6,4.06
Ohio,2017,5,60.1,5.29
Ohio,2017,6,69.6,4.62
Ohio,2017,7,73,6.29
Ohio,2017,8,69.7,2.32
Ohio,2017,9,65.8,1.87
Ohio,2017,10,57.4,3.77
Ohio,2017,11,41.8,5.14
Ohio,2017,12,29.2,1.56
Ohio,2018,1,25,2.31
Ohio,2018,2,36.6,5.4
Ohio,2018,3,36.4,3.3
Ohio,2018,4,45.1,4.63
Ohio,2018,5,68,4
Ohio,2018,6,71.4,5.5
Ohio,2018,7,73.8,3.26
Ohio,2018,8,73.6,4.96
Ohio,2018,9,69.6,6.3
Ohio,2018,10,54.3,2.77
Ohio,2018,11,37.4,5.16
Ohio,2018,12,35.1,3.34
Ohio,2019,1,27.4,3.42
Ohio,2019,2,33,4.69
Ohio,2019,3,36.8,3.54
Ohio,2019,4,52.3,4.31
Ohio,2019,5,62.8,4.82
Ohio,2019,6,68.8,6.76
Ohio,2019,7,75.9,4.45
Ohio,2019,8,71.8,3.64
Ohio,2019,9,69.8,1.74
Ohio,2019,10,56.5,3.8
Ohio,2019,11,37.4,2.19
Ohio,2019,12,36.2,3.51
Oklahoma,2015,1,37.7,1.21
Oklahoma,2015,2,37.8,1.18
Oklahoma,2015,3,51.1,2.41
Oklahoma,2015,4,61.4,4.85
Oklahoma,2015,5,66.1,14.44
Oklahoma,2015,6,78.4,4.81
Oklahoma,2015,7,82.1,5.43
Oklahoma,2015,8,79.3,2.45
Oklahoma,2015,9,76.6,2.07
Oklahoma,2015,10,63.4,3.26
Oklahoma,2015,11,51.4,6.05
Oklahoma,2015,12,44.6,5.56
Oklahoma,2016,1,38.2,0.5
Oklahoma,2016,2,47.4,1.02
Oklahoma,2016,3,54.7,2.47
Oklahoma,2016,4,61.4,6.05
Oklahoma,2016,5,66.2,3.86
Oklahoma,2016,6,79.2,3.26
Oklahoma,2016,7,83.2,3.72
Oklahoma,2016,8,80.8,2.9
Oklahoma,2016,9,75.3,3.53
Oklahoma,2016,10,67.1,1.87
Oklahoma,2016,11,55.4,1.25
Oklahoma,2016,12,38.8,0.76
Oklahoma,2017,1,40.9,2.59
Oklahoma,2017,2,50.5,2.05
Oklahoma,2017,3,56.2,2.6
Oklahoma,2017,4,61.4,6.62
Oklahoma,2017,5,66.9,4.49
Oklahoma,2017,6,77.3,2.57
Oklahoma,2017,7,82.5,3.85
Oklahoma,2017,8,77.3,6.42
Oklahoma,2017,9,73.3,2.57
Oklahoma,2017,10,62,3.62
Oklahoma,2017,11,52.9,0.26
Oklahoma,2017,12,40.5,0.97
Oklahoma,2018,1,36.6,0.53
Oklahoma,2018,2,41,4.09
Oklahoma,2018,3,53,2.1
Oklahoma,2018,4,54.2,2.18
Oklahoma,2018,5,75.1,3.92
Oklahoma,2018,6,80.6,3.7
Oklahoma,2018,7,82.7,3.26
Oklahoma,2018,8,79.9,4.27
Oklahoma,2018,9,73.9,5.5
Oklahoma,2018,10,60.1,6.55
Oklahoma,2018,11,44.5,1.09
Oklahoma,2018,12,40.8,3.82
Oklahoma,2019,1,38.3,2.1
Oklahoma,2019,2,40.3,1.48
Oklahoma,2019,3,47.3,2.63
Oklahoma,2019,4,60.4,3.91
Oklahoma,2019,5,67,11.61
Oklahoma,2019,6,75.4,5.09
Oklahoma,2019,7,80.7,1.83
Oklahoma,2019,8,82.4,5.14
Oklahoma,2019,9,79.7,3.01
Oklahoma,2019,10,57.5,4.75
Oklahoma,2019,11,46.2,2.34
Oklahoma,2019,12,43.3,1.08
Oregon,2015,1,38.1,1.98
Oregon,2015,2,41.7,3.58
Oregon,2015,3,45.7,2.59
Oregon,2015,4,44.7,1.55
Oregon,2015,5,53.5,2.17
Oregon,2015,6,65.6,0.42
Oregon,2015,7,67.5,0.76
Oregon,2015,8,66.9,0.38
Oregon,2015,9,58.1,0.83
Oregon,2015,10,54.3,1.93
Oregon,2015,11,35.8,3.85
Oregon,2015,12,32.4,10.13
Oregon,2016,1,33.1,5.16
Oregon,2016,2,40.2,2.48
Oregon,2016,3,41.2,4.96
Oregon,2016,4,50.1,1.78
Oregon,2016,5,53.2,1.57
Oregon,2016,6,60.5,1.03
Oregon,2016,7,64.4,0.66
Oregon,2016,8,66.7,0.1
Oregon,2016,9,57.1,0.61
Oregon,2016,10,48.1,7.24
Oregon,2016,11,43.2,3.83
Oregon,2016,12,27.4,5.26
Oregon,2017,1,26.7,5.01
Oregon,2017,2,34.8,6.48
Oregon,2017,3,41.6,5.79
Oregon,2017,4,42.9,3.89
Oregon,2017,5,52.9,1.59
Oregon,2017,6,59.9,1.38
Oregon,2017,7,69.2,0.07
Oregon,2017,8,69.6,0.21
Oregon,2017,9,59.6,1.37
Oregon,2017,10,47,3.11
Oregon,2017,11,39.3,5.11
Oregon,2017,12,32.9,2.21
Oregon,2018,1,37.5,4.14
Oregon,2018,2,33.2,2.29
Oregon,2018,3,38.4,3.42
Oregon,2018,4,45,3.26
Oregon,2018,5,55.4,1.27
Oregon,2018,6,58.5,1.13
Oregon,2018,7,69,0.06
Oregon,2018,8,66.5,0.16
Oregon,2018,9,57.4,0.31
Oregon,2018,10,48.8,2.12
Oregon,2018,11,39.3,2.71
Oregon,2018,12,32.3,4.54
Oregon,2019,1,35.3,3.48
Oregon,2019,2,28.8,6.62
Oregon,2019,3,37.3,2.05
Oregon,2019,4,46,4.76
Oregon,2019,5,52.6,2.55
Oregon,2019,6,59,0.67
Oregon,2019,7,64.8,0.26
Oregon,2019,8,67.1,0.67
Oregon,2019,9,56.5,2.68
Oregon,2019,10,43.2,1.57
Oregon,2019,11,40.6,1.19
Oregon,2019,12,34.2,3.55
Pennsylvania,2015,1,22.5,2.44
Pennsylvania,2015,2,16.1,1.52
Pennsylvania,2015,3,31.6,3.19
Pennsylvania,2015,4,48.4,3.86
Pennsylvania,2015,5,63.4,2.57
Pennsylvania,2015,6,67.1,8.36
Pennsylvania,2015,7,70.4,4.33
Pennsylvania,2015,8,68.9,2.57
Pennsylvania,2015,9,66.6,4.32
Pennsylvania,2015,10,50.7,3.78
Pennsylvania,2015,11,45.5,2.06
Pennsylvania,2015,12,42.3,4.1
Pennsylvania,2016,1,25.4,2.39
Pennsylvania,2016,2,30.7,3.94
Pennsylvania,2016,3,43.3,1.96
Pennsylvania,2016,4,47,2.63
Pennsylvania,2016,5,57.4,3.88
Pennsylvania,2016,6,67.4,3.35
Pennsylvania,2016,7,73,3.79
Pennsylvania,2016,8,73.4,4.09
Pennsylvania,2016,9,66.2,3.55
Pennsylvania,2016,10,53.6,4.31
Pennsylvania,2016,11,42.6,1.49
Pennsylvania,2016,12,31.2,3.62
Pennsylvania,2017,1,31.8,3.82
Pennsylvania,2017,2,36.6,2.2
Pennsylvania,2017,3,35.3,3.98
Pennsylvania,2017,4,53.7,4.32
Pennsylvania,2017,5,57.1,5.95
Pennsylvania,2017,6,66.8,4.62
Pennsylvania,2017,7,71.4,6.14
Pennsylvania,2017,8,67.4,3.84
Pennsylvania,2017,9,63.8,2.06
Pennsylvania,2017,10,56.2,5.09
Pennsylvania,2017,11,39.2,2.89
Pennsylvania,2017,12,28,1.7
Pennsylvania,2018,1,23.1,3.28
Pennsylvania,2018,2,34.3,5.4
Pennsylvania,2018,3,33,3.12
Pennsylvania,2018,4,43.2,4.17
Pennsylvania,2018,5,64,5.48
Pennsylvania,2018,6,66.6,5.32
Pennsylvania,2018,7,71.6,7.53
Pennsylvania,2018,8,72.1,6.26
Pennsylvania,2018,9,66.7,8.88
Pennsylvania,2018,10,52.3,4.28
Pennsylvania,2018,11,36.7,6.06
Pennsylvania,2018,12,33.5,4.26
Pennsylvania,2019,1,25.9,4.27
Pennsylvania,2019,2,30.2,3.45
Pennsylvania,2019,3,34.7,2.97
Pennsylvania,2019,4,50.5,4.53
Pennsylvania,2019,5,60.6,6.53
Pennsylvania,2019,6,65.8,5.82
Pennsylvania,2019,7,73.2,5.59
Pennsylvania,2019,8,69.6,3.72
Pennsylvania,2019,9,65.2,2.13
Pennsylvania,2019,10,53.7,5.61
Pennsylvania,2019,11,36.5,2.46
Pennsylvania,2019,12,32.6,3.73
Rhode Island,2015,1,25.5,3.71
Rhode Island,2015,2,17.7,2.67
Rhode Island,2015,3,31.8,4.15
Rhode Island,2015,4,47.2,2.5
Rhode Island,2015,5,61.2,1.03
Rhode Island,2015,6,64.5,5.34
Rhode Island,2015,7,72.3,3.12
Rhode Island,2015,8,72.6,2.53
Rhode Island,2015,9,67.6,4
Rhode Island,2015,10,52.4,4.02
Rhode Island,2015,11,47.1,2.59
Rhode Island,2015,12,45.3,5.22
Rhode Island,2016,1,31.3,3.2
Rhode Island,2016,2,33.1,5.26
Rhode Island,2016,3,42.9,2.66
Rhode Island,2016,4,46.2,3.99
Rhode Island,2016,5,57.9,3.45
Rhode Island,2016,6,66.9,1.44
Rhode Island,2016,7,73.8,2.6
Rhode Island,2016,8,73.9,2.85
Rhode Island,2016,9,66.4,2.75
Rhode Island,2016,10,54.7,6.32
Rhode Island,2016,11,45.2,3.21
Rhode Island,2016,12,34.2,3.53
Rhode Island,2017,1,34.2,4.84
Rhode Island,2017,2,35.2,2.32
Rhode Island,2017,3,34.1,3.72
Rhode Island,2017,4,51.5,6.56
Rhode Island,2017,5,56.5,6.33
Rhode Island,2017,6,66.8,3.75
Rhode Island,2017,7,71.1,3.6
Rhode Island,2017,8,69.8,1.89
Rhode Island,2017,9,66.4,3.16
Rhode Island,2017,10,59.6,7.41
Rhode Island,2017,11,43.1,2.75
Rhode Island,2017,12,30.1,2.78
Rhode Island,2018,1,27.6,5.79
Rhode Island,2018,2,37.7,5.68
Rhode Island,2018,3,37.3,5.5
Rhode Island,2018,4,44.4,5.4
Rhode Island,2018,5,61.4,2.33
Rhode Island,2018,6,65.9,2.7
Rhode Island,2018,7,73.8,2.51
Rhode Island,2018,8,75.1,4.54
Rhode Island,2018,9,66.5,7.91
Rhode Island,2018,10,52.7,6.56
Rhode Island,2018,11,41,9.6
Rhode Island,2018,12,35.3,4.66
Rhode Island,2019,1,29,6.42
Rhode Island,2019,2,31.6,3.51
Rhode Island,2019,3,35.9,3.45
Rhode Island,2019,4,49.3,7.08
Rhode Island,2019,5,56.5,4.05
Rhode Island,2019,6,66.5,4.8
Rhode Island,2019,7,74.8,4.66
Rhode Island,2019,8,71.2,4.04
Rhode Island,2019,9,63.8,1.63
Rhode Island,2019,10,54.7,7.05
Rhode Island,2019,11,40.1,3.12
Rhode Island,2019,12,34.1,7.3
South Carolina,2015,1,43.8,3.56
South Carolina,2015,2,41,4.06
South Carolina,2015,3,56.4,3.18
South Carolina,2015,4,64.8,4.47
South Carolina,2015,5,71.6,1.63
South Carolina,2015,6,80.5,4.12
South Carolina,2015,7,82.2,3.47
South Carolina,2015,8,79.5,5.71
South Carolina,2015,9,74.3,4.35
South Carolina,2015,10,63.3,12.17
South Carolina,2015,11,58,7.24
South Carolina,2015,12,58.5,6.7
South Carolina,2016,1,43,2.83
South Carolina,2016,2,48,4.66
South Carolina,2016,3,60.6,2.21
South Carolina,2016,4,63.1,2.4
South Carolina,2016,5,70.1,5.58
South Carolina,2016,6,79.8,3.61
South Carolina,2016,7,83.7,3.78
South Carolina,2016,8,81.9,3.84
South Carolina,2016,9,77.1,6.83
South Carolina,2016,10,66.4,5.55
South Carolina,2016,11,55.6,0.99
South Carolina,2016,12,49,3.97
South Carolina,2017,1,51.4,4.88
South Carolina,2017,2,55.5,1.38
South Carolina,2017,3,55.5,2.34
South Carolina,2017,4,67,5.51
South Carolina,2017,5,71.5,5.15
South Carolina,2017,6,76.9,4.43
South Carolina,2017,7,81,5.5
South Carolina,2017,8,79.4,4.55
South Carolina,2017,9,74.3,4.83
South Carolina,2017,10,66.2,3.25
South Carolina,2017,11,54.3,1.19
South Carolina,2017,12,47.8,3.56
South Carolina,2018,1,40.6,2.82
South Carolina,2018,2,57.4,2.23
South Carolina,2018,3,52,3.11
South Carolina,2018,4,60,4.49
South Carolina,2018,5,73.8,6.19
South Carolina,2018,6,80.2,3.72
South Carolina,2018,7,80.2,6.03
South Carolina,2018,8,80,4.27
South Carolina,2018,9,79.4,6.13
South Carolina,2018,10,66.9,4.61
South Carolina,2018,11,51.9,5.72
South Carolina,2018,12,48.6,7.98
South Carolina,2019,1,46.7,3.6
South Carolina,2019,2,53,2.48
South Carolina,2019,3,54.1,2.52
South Carolina,2019,4,64,3.99
South Carolina,2019,5,75.4,2.15
South Carolina,2019,6,77.2,5.94
South Carolina,2019,7,81.5,3.91
South Carolina,2019,8,80.3,4.83
South Carolina,2019,9,78.2,2.19
South Carolina,2019,10,68.6,4.01
South Carolina,2019,11,50.9,3.48
South Carolina,2019,12,50.4,6.92
South Dakota,2015,1,22.7,0.27
South Dakota,2015,2,19.5,0.34
South Dakota,2015,3,39,0.24
South Dakota,2015,4,47.7,0.87
South Dakota,2015,5,53.8,5.72
South Dakota,2015,6,67.6,4.05
South Dakota,2015,7,72.1,3.02
South Dakota,2015,8,69.8,3.36
South Dakota,2015,9,65.9,1.33
South Dakota,2015,10,51.6,1.44
South Dakota,2015,11,36.4,1.02
South Dakota,2015,12,24.3,1.12
South Dakota,2016,1,19.8,0.27
South Dakota,2016,2,31.2,0.58
South Dakota,2016,3,40.1,1.04
South Dakota,2016,4,46.3,3.76
South Dakota,2016,5,56.7,2.54
South Dakota,2016,6,70.7,1.78
South Dakota,2016,7,73,2.74
South Dakota,2016,8,71,2.61
South Dakota,2016,9,62.4,1.97
South Dakota,2016,10,51.6,1.23
South Dakota,2016,11,42,0.91
South Dakota,2016,12,15.4,1.25
South Dakota,2017,1,16.5,0.68
South Dakota,2017,2,29.4,0.37
South Dakota,2017,3,35.5,0.66
South Dakota,2017,4,46.1,1.94
South Dakota,2017,5,56,2.12
South Dakota,2017,6,68.1,2.19
South Dakota,2017,7,76,2.12
South Dakota,2017,8,67.4,3.17
South Dakota,2017,9,61.8,2.49
South Dakota,2017,10,48,1.24
South Dakota,2017,11,34.7,0.23
South Dakota,2017,12,21.7,0.42
South Dakota,2018,1,18.1,0.3
South Dakota,2018,2,11.6,0.94
South Dakota,2018,3,30.4,1.53
South Dakota,2018,4,36.7,1.7
South Dakota,2018,5,62.1,2.71
South Dakota,2018,6,69.3,4.78
South Dakota,2018,7,72.2,3.4
South Dakota,2018,8,69.9,1.94
South Dakota,2018,9,61.5,2.55
South Dakota,2018,10,43.2,1.7
South Dakota,2018,11,29.3,0.73
South Dakota,2018,12,25.3,0.97
South Dakota,2019,1,17.9,0.49
South Dakota,2019,2,6.1,1.01
South Dakota,2019,3,25.1,1.69
South Dakota,2019,4,44.3,2.64
South Dakota,2019,5,50.4,5.9
South Dakota,2019,6,66.3,2.63
South Dakota,2019,7,72.2,5.45
South Dakota,2019,8,68.2,3.65
South Dakota,2019,9,63.1,3.9
South Dakota,2019,10,40.3,2.13
South Dakota,2019,11,31.1,0.94
South Dakota,2019,12,23.3,0.97
Tennessee,2015,1,36.1,2.81
Tennessee,2015,2,31.4,4.56
Tennessee,2015,3,49,5.41
Tennessee,2015,4,60.1,5.96
Tennessee,2015,5,68,3.68
Tennessee,2015,6,75.9,4.76
Tennessee,2015,7,78.3,6.48
Tennessee,2015,8,74.2,4.53
Tennessee,2015,9,70.9,2.73
Tennessee,2015,10,59.7,3.96
Tennessee,2015,11,53.5,6.38
Tennessee,2015,12,51.3,7.9
Tennessee,2016,1,34.8,2.76
Tennessee,2016,2,42.5,5.79
Tennessee,2016,3,53.9,5.16
Tennessee,2016,4,59.5,3.2
Tennessee,2016,5,65.3,3.8
Tennessee,2016,6,76.5,3.99
Tennessee,2016,7,79.8,4.86
Tennessee,2016,8,79,5.03
Tennessee,2016,9,74.1,1.8
Tennessee,2016,10,64.6,0.73
Tennessee,2016,11,52.7,3.05
Tennessee,2016,12,40.9,6.87
Tennessee,2017,1,44.9,4.24
Tennessee,2017,2,48.9,2.38
Tennessee,2017,3,51.1,5.77
Tennessee,2017,4,63.1,6.61
Tennessee,2017,5,66.6,5.95
Tennessee,2017,6,73,4.37
Tennessee,2017,7,78.1,5.36
Tennessee,2017,8,74.6,4.9
Tennessee,2017,9,69.1,4.31
Tennessee,2017,10,60.8,4.92
Tennessee,2017,11,49.9,2.78
Tennessee,2017,12,39.5,4.63
Tennessee,2018,1,32.9,2.55
Tennessee,2018,2,48.5,10.73
Tennessee,2018,3,48.2,5.67
Tennessee,2018,4,52.9,5.97
Tennessee,2018,5,72.3,4.99
Tennessee,2018,6,76.5,5.74
Tennessee,2018,7,78.1,3.52
Tennessee,2018,8,76.5,4.26
Tennessee,2018,9,74.9,7.29
Tennessee,2018,10,61,3.57
Tennessee,2018,11,44.4,5.51
Tennessee,2018,12,42.7,7.34
Tennessee,2019,1,39.4,5.78
Tennessee,2019,2,46.7,12.07
Tennessee,2019,3,46.9,4.26
Tennessee,2019,4,59.3,5.84
Tennessee,2019,5,70.1,3.71
Tennessee,2019,6,73.4,6.46
Tennessee,2019,7,77.7,6.13
Tennessee,2019,8,76.9,3.97
Tennessee,2019,9,76.4,0.5
Tennessee,2019,10,61.6,7.28
Tennessee,2019,11,44.2,4.74
Tennessee,2019,12,45.1,6.17
Texas,2015,1,44,2.67
Texas,2015,2,48.2,1.09
Texas,2015,3,56.2,3.47
Texas,2015,4,66.6,3.96
Texas,2015,5,71.6,9.05
Texas,2015,6,79.3,3.72
Texas,2015,7,83.2,1.85
Texas,2015,8,83.3,1.43
Texas,2015,9,79.2,1.43
Texas,2015,10,69.2,6.17
Texas,2015,11,57.3,3.87
Texas,2015,12,51.5,2.52
Texas,2016,1,46.4,0.95
Texas,2016,2,54.4,1.06
Texas,2016,3,61.2,2.85
Texas,2016,4,66.1,4.3
Texas,2016,5,71.6,4.86
Texas,2016,6,80.1,3.37
Texas,2016,7,85.4,1.31
Texas,2016,8,81.5,5.33
Texas,2016,9,77.6,2.96
Texas,2016,10,70.9,0.67
Texas,2016,11,61,2.34
Texas,2016,12,49.6,2.1
Texas,2017,1,50.8,2.28
Texas,2017,2,58.4,1.71
Texas,2017,3,63.6,1.88
Texas,2017,4,67.1,2.75
Texas,2017,5,72,2.54
Texas,2017,6,80.6,3.11
Texas,2017,7,83.6,2.46
Texas,2017,8,80.6,7
Texas,2017,9,76.5,2.61
Texas,2017,10,66.5,1.25
Texas,2017,11,60.3,0.73
Texas,2017,12,47.8,1.96
Texas,2018,1,43.8,0.64
Texas,2018,2,52.3,2.43
Texas,2018,3,61.7,1.96
Texas,2018,4,63,1.05
Texas,2018,5,78,2.08
Texas,2018,6,83.9,2.49
Texas,2018,7,84.5,2.15
Texas,2018,8,83,2.17
Texas,2018,9,76.2,6.71
Texas,2018,10,65.4,6.92
Texas,2018,11,51.9,1.78
Texas,2018,12,48.3,3.34
Texas,2019,1,47.2,1.5
Texas,2019,2,51.9,0.92
Texas,2019,3,55.7,1.21
Texas,2019,4,65,3.58
Texas,2019,5,72.5,5.23
Texas,2019,6,79,4.27
Texas,2019,7,82.7,1.29
Texas,2019,8,85.8,1.42
Texas,2019,9,81.5,2.43
Texas,2019,10,65.2,2.71
Texas,2019,11,53.2,1.42
Texas,2019,12,50.6,0.88
Utah,2015,1,32.1,0.92
Utah,2015,2,38.9,0.63
Utah,2015,3,44.9,0.85
Utah,2015,4,47.1,0.98
Utah,2015,5,53.8,3.2
Utah,2015,6,70,0.97
Utah,2015,7,70.1,1.46
Utah,2015,8,71,1.27
Utah,2015,9,65.5,0.88
Utah,2015,10,54.3,1.8
Utah,2015,11,34.5,1.07
Utah,2015,12,26.6,1.38
Utah,2016,1,26.6,1.42
Utah,2016,2,33.7,0.62
Utah,2016,3,42.2,1.2
Utah,2016,4,47.9,1.7
Utah,2016,5,54.4,1.36
Utah,2016,6,70.9,0.33
Utah,2016,7,73.7,0.62
Utah,2016,8,70.1,0.94
Utah,2016,9,61.1,2.08
Utah,2016,10,53.2,0.89
Utah,2016,11,41.6,0.95
Utah,2016,12,27.4,1.93
Utah,2017,1,25.9,2.76
Utah,2017,2,36.5,1.54
Utah,2017,3,45.3,1.59
Utah,2017,4,46,1.17
Utah,2017,5,55.6,0.64
Utah,2017,6,69.5,0.16
Utah,2017,7,75,1.39
Utah,2017,8,71.6,0.94
Utah,2017,9,60.7,1.54
Utah,2017,10,48.1,0.18
Utah,2017,11,43,0.53
Utah,2017,12,31.4,0.39
Utah,2018,1,32.8,0.86
Utah,2018,2,32.2,0.83
Utah,2018,3,39.2,1.29
Utah,2018,4,49,0.86
Utah,2018,5,58.3,1.14
Utah,2018,6,69.1,0.05
Utah,2018,7,76.1,0.84
Utah,2018,8,72.4,1.02
Utah,2018,9,65.8,0.08
Utah,2018,10,47.5,2.93
Utah,2018,11,35,0.85
Utah,2018,12,27.4,0.83
Utah,2019,1,27,1.51
Utah,2019,2,27.1,2.31
Utah,2019,3,38.1,2.61
Utah,2019,4,48.6,1.74
Utah,2019,5,50.5,2.94
Utah,2019,6,63.6,0.49
Utah,2019,7,73.3,0.59
Utah,2019,8,72.8,0.35
Utah,2019,9,63.1,0.85
Utah,2019,10,42.9,0.24
Utah,2019,11,38.4,1.86
Utah,2019,12,28.8,1.45
Vermont,2015,1,12.2,2.79
Vermont,2015,2,5.3,1.79
Vermont,2015,3,22.3,1.34
Vermont,2015,4,39.5,2.71
Vermont,2015,5,58.6,3.06
Vermont,2015,6,59.9,8.63
Vermont,2015,7,66.2,4.08
Vermont,2015,8,66.6,2.95
Vermont,2015,9,62.4,4.73
Vermont,2015,10,44.3,3.48
Vermont,2015,11,39.2,1.81
Vermont,2015,12,35.1,5.07
Vermont,2016,1,20.9,1.62
Vermont,2016,2,23.9,4.71
Vermont,2016,3,33.6,2.96
Vermont,2016,4,38.2,2.6
Vermont,2016,5,54,2.74
Vermont,2016,6,62,3.29
Vermont,2016,7,67.4,3.83
Vermont,2016,8,67.5,4.82
Vermont,2016,9,59.9,2.12
Vermont,2016,10,47.7,3.55
Vermont,2016,11,36.8,2.78
Vermont,2016,12,23.9,3.6
Vermont,2017,1,24.8,2.53
Vermont,2017,2,25.6,2.84
Vermont,2017,3,23.5,3.3
Vermont,2017,4,45.2,4.19
Vermont,2017,5,51.8,5.72
Vermont,2017,6,61.5,6.46
Vermont,2017,7,65.2,4.23
Vermont,2017,8,63.3,3.55
Vermont,2017,9,60.8,2.93
Vermont,2017,10,53,5.26
Vermont,2017,11,33,2.19
Vermont,2017,12,17.9,3.1
Vermont,2018,1,16.5,3.49
Vermont,2018,2,25.5,2.95
Vermont,2018,3,28.2,3.03
Vermont,2018,4,36.1,4.7
Vermont,2018,5,56.5,1.99
Vermont,2018,6,60.1,3.85
Vermont,2018,7,69.2,4.35
Vermont,2018,8,68.4,4.2
Vermont,2018,9,60.6,4.03
Vermont,2018,10,44.5,4.4
Vermont,2018,11,30,6.33
Vermont,2018,12,23,3.75
Vermont,2019,1,15,5.05
Vermont,2019,2,19,2.71
Vermont,2019,3,26,2.06
Vermont,2019,4,41.3,5.59
Vermont,2019,5,50.8,5.66
Vermont,2019,6,60.6,5.61
Vermont,2019,7,69,3.39
Vermont,2019,8,64.6,3.79
Vermont,2019,9,56.9,3.18
Vermont,2019,10,47.5,6.83
Vermont,2019,11,29.4,3.98
Vermont,2019,12,23.4,3.55
Virginia,2015,1,33.8,2.59
Virginia,2015,2,28.9,2.66
Virginia,2015,3,44.2,3.75
Virginia,2015,4,55.9,4.51
Virginia,2015,5,67.1,2.15
Virginia,2015,6,73.7,6.95
Virginia,2015,7,75.3,5.05
Virginia,2015,8,73.2,2.65
Virginia,2015,9,69.3,5.73
Virginia,2015,10,56.3,4.58
Virginia,2015,11,51.1,3.92
Virginia,2015,12,49.6,5.22
Virginia,2016,1,33.1,2.93
Virginia,2016,2,38.4,4.71
Virginia,2016,3,51.8,2.05
Virginia,2016,4,55.1,2.34
Virginia,2016,5,61.9,6.92
Virginia,2016,6,71.8,5.04
Virginia,2016,7,77.3,4.82
Virginia,2016,8,77,3.23
Virginia,2016,9,71.8,5.27
Virginia,2016,10,59.8,3.52
Virginia,2016,11,48.3,1.37
Virginia,2016,12,39.1,3.21
Virginia,2017,1,40.1,3.96
Virginia,2017,2,46,0.86
Virginia,2017,3,45.9,3.17
Virginia,2017,4,60.6,4.85
Virginia,2017,5,63.4,7.52
Virginia,2017,6,71.2,3.41
Virginia,2017,7,76.8,4.13
Virginia,2017,8,72.8,4.66
Virginia,2017,9,67.4,2.03
Virginia,2017,10,60.2,4.5
Virginia,2017,11,46.1,1.36
Virginia,2017,12,37.2,1.11
Virginia,2018,1,31.8,2.67
Virginia,2018,2,45.2,4.35
Virginia,2018,3,41.2,3.17
Virginia,2018,4,52.2,4.43
Virginia,2018,5,69.7,7.27
Virginia,2018,6,73.1,5.96
Virginia,2018,7,75.1,5.39
Virginia,2018,8,75.2,5.81
Virginia,2018,9,72.8,7.96
Virginia,2018,10,59,5.08
Virginia,2018,11,43.8,6.08
Virginia,2018,12,39.7,5.36
Virginia,2019,1,36.3,3.52
Virginia,2019,2,41.8,5.23
Virginia,2019,3,43.9,3.31
Virginia,2019,4,58.1,4.16
Virginia,2019,5,68.9,3.6
Virginia,2019,6,71.1,5.81
Virginia,2019,7,77,4.51
Virginia,2019,8,74.7,3.43
Virginia,2019,9,72.5,0.94
Virginia,2019,10,60.5,5.63
Virginia,2019,11,43.1,2.48
Virginia,2019,12,41.4,3.38
Washington,2015,1,35.1,4.96
Washington,2015,2,40.7,4.3
Washington,2015,3,44.8,4.32
Washington,2015,4,45.7,1.82
Washington,2015,5,56,1.51
Washington,2015,6,65.5,0.47
Washington,2015,7,68.6,0.42
Washington,2015,8,66.6,1.33
Washington,2015,9,56.2,1.5
Washington,2015,10,52.4,4.18
Washington,2015,11,36,7.02
Washington,2015,12,32.1,11.42
Washington,2016,1,33,6.82
Washington,2016,2,39.1,5.08
Washington,2016,3,41.8,6.99
Washington,2016,4,51.6,1.6
Washington,2016,5,55.1,1.54
Washington,2016,6,59.9,1.83
Washington,2016,7,63.6,1.16
Washington,2016,8,65.9,0.36
Washington,2016,9,56.4,1.67
Washington,2016,10,47.4,10.29
Washington,2016,11,43,6.87
Washington,2016,12,26.1,4.93
Washington,2017,1,24.8,3.64
Washington,2017,2,31,7.17
Washington,2017,3,39.3,8.53
Washington,2017,4,44.2,4.88
Washington,2017,5,53.7,2.42
Washington,2017,6,59.5,1.55
Washington,2017,7,67.1,0.04
Washington,2017,8,68.6,0.14
Washington,2017,9,59.8,1.35
Washington,2017,10,46.2,5.06
Washington,2017,11,37.7,8.86
Washington,2017,12,29.9,5.09
Washington,2018,1,35.4,7.74
Washington,2018,2,32.4,4.39
Washington,2018,3,38.8,3.29
Washington,2018,4,45.3,5.47
Washington,2018,5,57.6,1.08
Washington,2018,6,58.2,1.36
Washington,2018,7,67.5,0.17
Washington,2018,8,66,0.35
Washington,2018,9,56.3,1.59
Washington,2018,10,47.4,3.65
Washington,2018,11,38.6,5.21
Washington,2018,12,33.1,7.02
Washington,2019,1,34.2,4.51
Washington,2019,2,25.3,4.09
Washington,2019,3,36.2,1.41
Washington,2019,4,46.3,3.5
Washington,2019,5,55.6,1.82
Washington,2019,6,59.5,1.05
Washington,2019,7,63.8,0.91
Washington,2019,8,66.5,0.93
Washington,2019,9,57.1,3.62
Washington,2019,10,42.8,3.78
Washington,2019,11,37.6,1.85
Washington,2019,12,33.5,5.58
West Virginia,2015,1,28.8,2.41
West Virginia,2015,2,22.9,2.74
West Virginia,2015,3,40,5.36
West Virginia,2015,4,53.1,6.34
West Virginia,2015,5,64.7,2.36
West Virginia,2015,6,70.5,6.43
West Virginia,2015,7,72.1,6.46
West Virginia,2015,8,69.9,2.71
West Virginia,2015,9,67.1,4.05
West Virginia,2015,10,54,2.76
West Virginia,2015,11,48.3,2.28
West Virginia,2015,12,46.3,4.72
West Virginia,2016,1,27.6,2.61
West Virginia,2016,2,34.9,3.65
West Virginia,2016,3,48.5,2.53
West Virginia,2016,4,53,2.91
West Virginia,2016,5,59.5,6.01
West Virginia,2016,6,69.5,6.26
West Virginia,2016,7,73.7,4.93
West Virginia,2016,8,75.1,3.63
West Virginia,2016,9,69.4,2.86
West Virginia,2016,10,57.3,3.53
West Virginia,2016,11,45.6,1.87
West Virginia,2016,12,35.6,4.57
West Virginia,2017,1,37.5,4.8
West Virginia,2017,2,42.1,1.75
West Virginia,2017,3,42.3,4.31
West Virginia,2017,4,57.5,4.35
West Virginia,2017,5,61,6.16
West Virginia,2017,6,67.7,4.7
West Virginia,2017,7,72.4,6.17
West Virginia,2017,8,69.3,3.39
West Virginia,2017,9,64.6,1.91
West Virginia,2017,10,57.5,5.26
West Virginia,2017,11,43.2,2.34
West Virginia,2017,12,33,1.87
West Virginia,2018,1,27,3.11
West Virginia,2018,2,41.7,6.85
West Virginia,2018,3,38,3.97
West Virginia,2018,4,47.7,4.95
West Virginia,2018,5,67.9,6.16
West Virginia,2018,6,70,6.24
West Virginia,2018,7,72.5,4.79
West Virginia,2018,8,72.4,5.89
West Virginia,2018,9,70.4,9.41
West Virginia,2018,10,55.3,3.95
West Virginia,2018,11,40,4.85
West Virginia,2018,12,36.7,4.93
West Virginia,2019,1,32.1,3.86
West Virginia,2019,2,38.5,5.48
West Virginia,2019,3,40.1,2.62
West Virginia,2019,4,54.8,3.85
West Virginia,2019,5,65.5,5.54
West Virginia,2019,6,67.6,5.06
West Virginia,2019,7,74.3,4.58
West Virginia,2019,8,71.5,3.83
West Virginia,2019,9,69.9,0.68
West Virginia,2019,10,57.7,5.26
West Virginia,2019,11,39.3,2.59
West Virginia,2019,12,38.5,4.89
Wisconsin,2015,1,15.3,0.53
Wisconsin,2015,2,7.6,0.42
Wisconsin,2015,3,30.7,0.73
Wisconsin,2015,4,45,2.94
Wisconsin,2015,5,56.6,4.65
Wisconsin,2015,6,63.8,4.44
Wisconsin,2015,7,68.4,3.38
Wisconsin,2015,8,66.1,4
Wisconsin,2015,9,64.7,4.39
Wisconsin,2015,10,48.4,2.7
Wisconsin,2015,11,39.4,3.42
Wisconsin,2015,12,31.8,4.28
Wisconsin,2016,1,16.2,0.84
Wisconsin,2016,2,22.6,0.82
Wisconsin,2016,3,36.8,3.93
Wisconsin,2016,4,42.9,2.21
Wisconsin,2016,5,56.1,3.06
Wisconsin,2016,6,65.8,5.36
Wisconsin,2016,7,69.9,5.2
Wisconsin,2016,8,69.5,5.21
Wisconsin,2016,9,62.6,5.99
Wisconsin,2016,10,50.4,2.95
Wisconsin,2016,11,41.6,1.84
Wisconsin,2016,12,19.9,1.98
Wisconsin,2017,1,19.4,2.03
Wisconsin,2017,2,27.8,1.34
Wisconsin,2017,3,30.2,1.99
Wisconsin,2017,4,46.4,4.59
Wisconsin,2017,5,53.3,4.94
Wisconsin,2017,6,65.6,5.94
Wisconsin,2017,7,68.8,4.46
Wisconsin,2017,8,64.2,4.1
Wisconsin,2017,9,62.2,1.9
Wisconsin,2017,10,50,4.3
Wisconsin,2017,11,31.4,0.91
Wisconsin,2017,12,17.3,1.07
Wisconsin,2018,1,15.2,1.2
Wisconsin,2018,2,16.1,1.51
Wisconsin,2018,3,29.7,0.92
Wisconsin,2018,4,33.5,2.53
Wisconsin,2018,5,62,4.7
Wisconsin,2018,6,66.5,5.44
Wisconsin,2018,7,69.8,3.11
Wisconsin,2018,8,68.5,6.07
Wisconsin,2018,9,61.2,5.52
Wisconsin,2018,10,43.6,5.25
Wisconsin,2018,11,27.3,1.94
Wisconsin,2018,12,25.1,1.55
Wisconsin,2019,1,13.1,1.43
Wisconsin,2019,2,13.4,3.12
Wisconsin,2019,3,25.7,1.34
Wisconsin,2019,4,42.4,3.72
Wisconsin,2019,5,51.8,5.56
Wisconsin,2019,6,63.6,3.91
Wisconsin,2019,7,71.3,5.33
Wisconsin,2019,8,65.6,3.54
Wisconsin,2019,9,62,7.03
Wisconsin,2019,10,45,4.88
Wisconsin,2019,11,28.2,2.03
Wisconsin,2019,12,23.5,2.66
Wyoming,2015,1,25.6,0.62
Wyoming,2015,2,28.4,0.94
Wyoming,2015,3,37.7,0.58
Wyoming,2015,4,41.3,1.7
Wyoming,2015,5,47,4.59
Wyoming,2015,6,63,1.89
Wyoming,2015,7,63.9,1.53
Wyoming,2015,8,64.3,0.91
Wyoming,2015,9,59.4,0.64
Wyoming,2015,10,48.7,1.11
Wyoming,2015,11,29.2,1.09
Wyoming,2015,12,21.4,1.11
Wyoming,2016,1,22.7,0.87
Wyoming,2016,2,30.1,0.8
Wyoming,2016,3,34.5,1.99
Wyoming,2016,4,41.8,2.52
Wyoming,2016,5,47.9,2.46
Wyoming,2016,6,63.8,0.66
Wyoming,2016,7,66.8,0.7
Wyoming,2016,8,63.5,0.84
Wyoming,2016,9,55.4,1.97
Wyoming,2016,10,46.5,1.81
Wyoming,2016,11,37.1,0.84
Wyoming,2016,12,16.8,1.82
Wyoming,2017,1,16.7,1.66
Wyoming,2017,2,27.8,2.02
Wyoming,2017,3,38.4,1.88
Wyoming,2017,4,40.1,2.8
Wyoming,2017,5,49.2,1.8
Wyoming,2017,6,60,1.09
Wyoming,2017,7,68.9,0.97
Wyoming,2017,8,63.5,0.94
Wyoming,2017,9,54.2,2.21
Wyoming,2017,10,41.1,0.79
Wyoming,2017,11,34.7,1.48
Wyoming,2017,12,23.8,1.02
Wyoming,2018,1,25.1,0.9
Wyoming,2018,2,19.3,1.22
Wyoming,2018,3,32.3,1.4
Wyoming,2018,4,39.7,1.44
Wyoming,2018,5,52.9,3.09
Wyoming,2018,6,60.4,2.1
Wyoming,2018,7,67.3,1.32
Wyoming,2018,8,63.6,0.95
Wyoming,2018,9,57.2,0.35
Wyoming,2018,10,41,1.28
Wyoming,2018,11,28.6,1.31
Wyoming,2018,12,21.5,0.76
Wyoming,2019,1,22.1,0.9
Wyoming,2019,2,16.9,1.4
Wyoming,2019,3,27.2,1.27
Wyoming,2019,4,41.2,1.97
Wyoming,2019,5,44.5,3.75
Wyoming,2019,6,57,1.66
Wyoming,2019,7,66,1.31
Wyoming,2019,8,64.9,1.01
Wyoming,2019,9,56.7,1.99
Wyoming,2019,10,34.3,1.19
Wyoming,2019,11,30.2,1.08
Wyoming,2019,12,23.1,0.81
Alaska,2015,1,7.1,3.17
Alaska,2015,2,12.6,1.84
Alaska,2015,3,15.9,2.26
Alaska,2015,4,28.2,2.73
Alaska,2015,5,44.8,1.82
Alaska,2015,6,52.3,2.07
Alaska,2015,7,54.2,3.92
Alaska,2015,8,49.3,4.88
Alaska,2015,9,38.9,6.21
Alaska,2015,10,31.6,4.16
Alaska,2015,11,17.2,5.39
Alaska,2015,12,8.3,1.65
Alaska,2016,1,17.2,2.71
Alaska,2016,2,17.3,2.48
Alaska,2016,3,18.7,2.25
Alaska,2016,4,33.3,2.3
Alaska,2016,5,44,2.68
Alaska,2016,6,51.8,2.68
Alaska,2016,7,55.6,4.18
Alaska,2016,8,53.2,5.2
Alaska,2016,9,42.3,5.89
Alaska,2016,10,29.7,1.7
Alaska,2016,11,13.3,2.9
Alaska,2016,12,6.2,2.1
Alaska,2017,1,4.5,2.9
Alaska,2017,2,6.6,2.34
Alaska,2017,3,4.9,1.19
Alaska,2017,4,29.6,0.9
Alaska,2017,5,40.8,2.76
Alaska,2017,6,51.4,2.09
Alaska,2017,7,56.2,3.42
Alaska,2017,8,50.2,6.02
Alaska,2017,9,42.6,5.32
Alaska,2017,10,30.2,5.23
Alaska,2017,11,15.8,2.34
Alaska,2017,12,19.1,3.55
Alaska,2018,1,6.7,2.44
Alaska,2018,2,12.6,2.08
Alaska,2018,3,18,2.03
Alaska,2018,4,26.8,2.08
Alaska,2018,5,39.4,2.98
Alaska,2018,6,50,3.01
Alaska,2018,7,55.6,2.77
Alaska,2018,8,49.6,6.53
Alaska,2018,9,44.3,2.57
Alaska,2018,10,33.8,4.92
Alaska,2018,11,19.1,3.57
Alaska,2018,12,9.1,2.92
Alaska,2019,1,7.6,2.5
Alaska,2019,2,15.5,2.2
Alaska,2019,3,26.5,2.53
Alaska,2019,4,28.4,1.92
Alaska,2019,5,43,2.37
Alaska,2019,6,53.9,1.81
Alaska,2019,7,58.1,2.89
Alaska,2019,8,51.5,3.37
Alaska,2019,9,44.4,5.45
Alaska,2019,10,30.8,4.82
Alaska,2019,11,19.9,5.1
Alaska,2019,12,6.8,3.04
